step,r_s,elocal,weight,weightvar,elocalvar,eref,tau,popstep
0,8,-1.1395887714526034,0.9998466688145632,2.220446049250313e-16,0.02324014535816124,-1.1401752520578823,0.4,10
1,8,-1.1414623110680073,1.0004217398043462,0.009339910113142181,0.023988618283692458,-1.1416127366553224,0.4,10
2,8,-1.1409160239408993,1.0003798182300354,0.018566856948119333,0.024434102131970222,-1.1415079747059211,0.4,10
3,8,-1.1409803761687312,1.0003582528617243,0.027480541470321397,0.02417628865024904,-1.1414540811737701,0.4,10
4,8,-1.1416122920574545,1.0005618606033269,0.03603749510904613,0.02415765097519077,-1.1419628664594372,0.4,10
5,8,-1.1415799174083854,1.0007347961029112,0.04418918292029142,0.02388328812595779,-1.1423949250936114,0.4,10
6,8,-1.1419322243413785,1.000839549543109,0.05189359342717413,0.024349127227242785,-1.1426566027088383,0.4,10
7,8,-1.1429036261700392,1.0011522147173584,0.05946622749536033,0.024109197415067302,-1.1434374879811282,0.4,10
8,8,-1.1427950431990335,1.0013655857433004,0.06682585698955947,0.02386654926443032,-1.143970244860244,0.4,10
9,8,-1.1431775332869418,1.00145604241721,0.07395899142507166,0.023904507064434626,-1.144196067950776,0.4,10
10,8,-1.1434426360029815,1.0016142055465223,0.0,0.024116666034031183,-1.144590869705237,0.4,10
11,8,-1.1458145611261956,1.002163281815174,0.009537331447203782,0.0245364309753622,-1.1459609726379674,0.4,10
12,8,-1.1452019035346515,1.0021130019317999,0.01885231533654989,0.024236482076385384,-1.1458355411198866,0.4,10
13,8,-1.1459100539383056,1.0022097468616176,0.02789358732771341,0.024487388405818662,-1.1460768818170153,0.4,10
14,8,-1.1448123900947471,1.0022006291767953,0.03664036835284342,0.024117916278258295,-1.1460541377598819,0.4,10
15,8,-1.1450280296196054,1.002081733726798,0.04502431502163097,0.024148391709224653,-1.1457575342165454,0.4,10
16,8,-1.1446019702299914,1.0020929140693948,0.053146047060974685,0.02422033394225021,-1.1457854268520729,0.4,10
17,8,-1.145197302509188,1.0021780512618603,0.06109302069375276,0.024249044458135645,-1.1459978162794242,0.4,10
18,8,-1.1447778830591384,1.0022538661057212,0.06876134955689901,0.024208606688639778,-1.1461869343114215,0.4,10
19,8,-1.1436367220123924,1.001969397232946,0.0760383849420793,0.024009304507933794,-1.1454772606939931,0.4,10
20,8,-1.1434917233698583,1.001717961217389,2.220446049250313e-16,0.02367719358657652,-1.1448498274374608,0.4,10
21,8,-1.145802271598407,1.0021805678868998,0.009319647801745828,0.023972506727155705,-1.1460040941605756,0.4,10
22,8,-1.1459966263491028,1.0022654314720425,0.018503296204536345,0.024271135404547978,-1.1462157825403585,0.4,10
23,8,-1.1456613420610615,1.0023129435950917,0.02742714151090154,0.023962305056797802,-1.1463342915586368,0.4,10
24,8,-1.1454696765579628,1.002271624776949,0.03598169124641066,0.023663026287049953,-1.146231230757909,0.4,10
25,8,-1.145567750831283,1.0023054465116779,0.044117491344908784,0.023822169633924733,-1.146315592030959,0.4,10
26,8,-1.144476070432973,1.002153707992662,0.05192458305262358,0.023849582180802752,-1.1459370896330305,0.4,10
27,8,-1.1441668589387541,1.00191019724935,0.05936596239260936,0.023037191898911222,-1.1453295472690537,0.4,10
28,8,-1.145221671505141,1.0020891123549869,0.06647560403000326,0.022350691121977996,-1.1457759423981704,0.4,10
29,8,-1.1448369019224336,1.002259041704426,0.0734103694895334,0.022593530245673763,-1.146199844177664,0.4,10
30,8,-1.1444890829062428,1.0021292814242202,2.220446049250313e-16,0.022286743943348647,-1.1458761537058877,0.4,10
31,8,-1.1441378171181886,1.0016191470081892,0.008910877619062637,0.023327579007328694,-1.1446032034197788,0.4,10
32,8,-1.1435253793877171,1.0014271134593138,0.017741257928890353,0.02315817687509698,-1.1441238496643171,0.4,10
33,8,-1.1433991608525271,1.001347078448923,0.026228937479853096,0.023169100721025224,-1.1439240392943892,0.4,10
34,8,-1.143068013428859,1.0013142146300305,0.034382115469321524,0.02305892846014479,-1.143841988927188,0.4,10
35,8,-1.1426234456048376,1.001213811052262,0.042313153385805935,0.023385778340412153,-1.1435912968605477,0.4,10
36,8,-1.1433840731245113,1.0013331920420738,0.05015950746645545,0.023200155128253897,-1.1438893697391592,0.4,10
37,8,-1.1427031824561604,1.0013946964224716,0.05776433603060181,0.023299078838863597,-1.144042921254498,0.4,10
38,8,-1.1426086419810595,1.0012753565389072,0.06506139481424054,0.022956767703381353,-1.1437449693189579,0.4,10
39,8,-1.142485087745209,1.0012607736388752,0.07207274638125133,0.023391807961101848,-1.1437085582404947,0.4,10
40,8,-1.1424525048780554,1.0012465597814129,2.220446049250313e-16,0.022816606697311087,-1.1436730680896594,0.4,10
41,8,-1.143618082441284,1.0013741075935747,0.009255166039519395,0.023871958909086693,-1.1439915203417814,0.4,10
42,8,-1.1433702846533689,1.0013009859032467,0.018418585959249167,0.023981355687348944,-1.1438089602984725,0.4,10
43,8,-1.1424112953308367,1.0011375985667,0.02741996079956939,0.024440460975726636,-1.1434009893919577,0.4,10
44,8,-1.1422030232397513,1.000976576182895,0.03625174310587076,0.024257879320471194,-1.1429988585190463,0.4,10
45,8,-1.142852908045912,1.0011301405972541,0.044881113396454786,0.024535854330721637,-1.1433823655853108,0.4,10
46,8,-1.1425526985301047,1.0012599042844395,0.05331275593841109,0.02401089858585689,-1.143706387590161,0.4,10
47,8,-1.1428890317355407,1.0013254260350302,0.0616062268600342,0.024123520618078327,-1.1438699804958468,0.4,10
48,8,-1.1427603728281088,1.0014145080771475,0.06965470918095136,0.024240779468823147,-1.1440923809200327,0.4,10
49,8,-1.1430712511187096,1.0014739338699954,0.07719402196902592,0.023695707577982887,-1.14424073115168,0.4,10
50,8,-1.1424340550784187,1.0014270195199662,2.220446049250313e-16,0.023890087321604594,-1.1441236151506162,0.4,10
51,8,-1.1447473115599474,1.001759902001721,0.009458554898109347,0.023829631998074093,-1.144954497384427,0.4,10
52,8,-1.1443338295417587,1.0017186302346444,0.018447101570589576,0.023640845754299214,-1.1448514971116057,0.4,10
53,8,-1.1435118676734146,1.0015405845651848,0.02706531480025696,0.0236570962655318,-1.1444071071180066,0.4,10
54,8,-1.14287365600548,1.0013116147622656,0.03543937408984963,0.023766266589705102,-1.1438354977800993,0.4,10
55,8,-1.1419213817228875,1.001052700663072,0.04363665750868554,0.023674503373492903,-1.1431889768182495,0.4,10
56,8,-1.1415187082095677,1.0008326698481542,0.05159128416761726,0.02341213136297119,-1.142639417839886,0.4,10
57,8,-1.1411736250460758,1.0007220174743283,0.05920707788335428,0.023288781130442835,-1.142363001775315,0.4,10
58,8,-1.1422288098489457,1.0008999519288535,0.0665623888683791,0.023285594231049523,-1.1428074774498274,0.4,10
59,8,-1.1420630043609459,1.0011170303886245,0.07376305658167241,0.023967776717764643,-1.1433496268485066,0.4,10
60,8,-1.1425373661090497,1.0012028180682546,4.440892098500626e-16,0.023696541641977997,-1.1435638475679115,0.4,10
61,8,-1.1443075166152694,1.0016185434404687,0.009551294720065715,0.024247743689702804,-1.1446016969392392,0.4,10
62,8,-1.144695100335024,1.001708811596736,0.01881724256669051,0.024171563556936206,-1.1448269925108827,0.4,10
63,8,-1.144761646303133,1.001874547638016,0.02773481428802061,0.024034121235313254,-1.1452405915780093,0.4,10
64,8,-1.144408105582178,1.00188636972148,0.036423490382156996,0.02433407418243629,-1.1452700913136356,0.4,10
65,8,-1.1450317976049924,1.002008872236412,0.04501556842883541,0.02437294886824256,-1.1455757522896182,0.4,10
66,8,-1.1446241826010923,1.0021099274616776,0.05336252869966041,0.024534451350999714,-1.1458278711394752,0.4,10
67,8,-1.1445164813572566,1.0020514501338762,0.061354178434564866,0.024394699256556462,-1.1456819813711367,0.4,10
68,8,-1.14446527799578,1.002062953311558,0.06909967039887023,0.024481057595336024,-1.145710680275905,0.4,10
69,8,-1.143983398214393,1.0019994869744953,0.07665180061697863,0.0243302512277294,-1.1455523360651458,0.4,10
70,8,-1.143988001073977,1.0019307368061285,0.0,0.0243692411708361,-1.1453807977361714,0.4,10
71,8,-1.145374900112215,1.0022187982622885,0.009602550203664227,0.024648612056565742,-1.146099460323726,0.4,10
72,8,-1.1450157764697078,1.0019895722120677,0.018985575727810428,0.02400641031289289,-1.1455275984988849,0.4,10
73,8,-1.1442617708589429,1.0018430514424437,0.028008398981219516,0.02414355677724268,-1.1451619971803026,0.4,10
74,8,-1.14391756535625,1.0016921447310365,0.03674698926434733,0.02441377649482001,-1.1447853960804548,0.4,10
75,8,-1.1432662339294835,1.0015557155894845,0.0452419748888287,0.02455199064432732,-1.144444876206541,0.4,10
76,8,-1.143134867181882,1.001450663303744,0.05340524432427832,0.02420078680518944,-1.1441826396831234,0.4,10
77,8,-1.1433439245524843,1.0015074886744673,0.06120125929531575,0.02423936513617967,-1.1443244932976941,0.4,10
78,8,-1.1423580789592784,1.0013859149570081,0.06863050842300673,0.023638384898040633,-1.1440209980707687,0.4,10
79,8,-1.142641888513408,1.0012667688137098,0.07563824291146101,0.024091565458413733,-1.1437235272601671,0.4,10
80,8,-1.1418988408140134,1.001207341359535,2.220446049250313e-16,0.02392003564481981,-1.1435751421851978,0.4,10
81,8,-1.1439931084571955,1.001541280153326,0.009765651811113926,0.024904370607350138,-1.1444088434128477,0.4,10
82,8,-1.1441861044519133,1.001547181977965,0.019100482398179207,0.023741732658015977,-1.1444235752251233,0.4,10
83,8,-1.1438064148901868,1.0015788638320269,0.02784448383335189,0.023634747039597837,-1.1445026562548235,0.4,10
84,8,-1.1430918065937516,1.0014243202832707,0.03631790143961564,0.023767199176508817,-1.1441168766657335,0.4,10
85,8,-1.1422217746644052,1.0011691852342404,0.04464182935379269,0.023727968470161308,-1.14347986508623,0.4,10
86,8,-1.1414912876234287,1.000905947426978,0.0528097760686815,0.02402778339360933,-1.1428224526732667,0.4,10
87,8,-1.1419767150173754,1.000906678511043,0.06077827867467871,0.023662930960552504,-1.142824278728452,0.4,10
88,8,-1.1415152944644424,1.0009535810787782,0.0685070064159515,0.0237676757026841,-1.1429414261854713,0.4,10
89,8,-1.1412109857525197,1.0008460682984825,0.07611428158599838,0.023780208859573937,-1.1426728858736763,0.4,10
90,8,-1.1411627052948234,1.000815840876504,2.220446049250313e-16,0.0240326656574461,-1.1425973800606266,0.4,10
91,8,-1.1426688346354144,1.0008017996101077,0.00958925641591274,0.024691061347979115,-1.142562305263841,0.4,10
92,8,-1.1428380669927825,1.0010103786220144,0.018931325624525153,0.02401902663033089,-1.1430832807452813,0.4,10
93,8,-1.142924209325455,1.0011320642552664,0.02773257017375201,0.023315744316965398,-1.1433871692968545,0.4,10
94,8,-1.1421988842994302,1.001062531795103,0.036059131843878954,0.02341020010572797,-1.1432135286818799,0.4,10
95,8,-1.141134055092802,1.0007590120334238,0.044100693645077106,0.02338742177217873,-1.142455419736203,0.4,10
96,8,-1.1410349915503242,1.0005751306233612,0.05189819095324228,0.02362620054878795,-1.1419960226603705,0.4,10
97,8,-1.1414245226540218,1.000679313088675,0.05951817260598472,0.023726595198010635,-1.1422563155624932,0.4,10
98,8,-1.1412793299866548,1.0007705112028356,0.06696642913266605,0.023681423755722686,-1.142484145691225,0.4,10
99,8,-1.141605814383531,1.0008359598502652,0.07410916854494122,0.023806134173369065,-1.1426476359886424,0.4,10
100,8,-1.141477864684411,1.0009031717783279,0.0,0.023422000473697833,-1.1428155198228191,0.4,10
101,8,-1.1410419511247518,1.0001358549952446,0.009052272766828816,0.023010970525849682,-1.140898223832022,0.4,10
102,8,-1.141628019260687,1.000429211355077,0.01792134244469776,0.02320421098205916,-1.1416314075881253,0.4,10
103,8,-1.1410115186928171,1.0004921777747202,0.0264851976172717,0.02320751596056199,-1.1417887511499616,0.4,10
104,8,-1.1413232167619394,1.0004905956568306,0.034705838003880905,0.022966572419582523,-1.1417847977978623,0.4,10
105,8,-1.1414898942741052,1.0006439730027883,0.04276015717370532,0.02381653614618004,-1.1421680237654215,0.4,10
106,8,-1.1418081950953234,1.0008024016381574,0.05081539763696327,0.023879115358326975,-1.142563809127716,0.4,10
107,8,-1.1410500191063417,1.0007785554636324,0.058917606604148236,0.024389658856018376,-1.1425042407789026,0.4,10
108,8,-1.1415673824771901,1.0007924635910996,0.06703155076118075,0.024518018685918387,-1.142538983806592,0.4,10
109,8,-1.1412810535985174,1.000881435785546,0.07489209864964257,0.024624852059276676,-1.1427612282854074,0.4,10
110,8,-1.1407723763146214,1.0007575960224069,2.220446049250313e-16,0.024439342142519235,-1.1424518823910454,0.4,10
111,8,-1.1431110484855866,1.0009645615516232,0.009774132036057141,0.024722531749702174,-1.1429688510651712,0.4,10
112,8,-1.1434603812361501,1.001226683927,0.019184069531788545,0.02445282859616773,-1.143623439825027,0.4,10
113,8,-1.143958860551843,1.0014718737822914,0.02818222444498686,0.02381117005171702,-1.1442355885070454,0.4,10
114,8,-1.144192833596101,1.0016850270395077,0.036835612495165204,0.024056412664136016,-1.144767631848067,0.4,10
115,8,-1.1442531684309278,1.0018080168365597,0.04529451375920185,0.02376389389918518,-1.145074570266402,0.4,10
116,8,-1.1437036273089662,1.0017685382797932,0.05354949112829643,0.024170937381117356,-1.144976050055954,0.4,10
117,8,-1.1436044119637947,1.001688806151788,0.061549724711654534,0.02412271585464316,-1.1447770637179893,0.4,10
118,8,-1.1430764830196023,1.0016048330835166,0.06925685050959632,0.024163284935675083,-1.144567476200024,0.4,10
119,8,-1.1430810455810028,1.001527772400054,0.0765818886760769,0.023234172331362244,-1.1443751257702781,0.4,10
120,8,-1.1424236112643043,1.0014015830637886,0.0,0.02294993238559486,-1.1440601138201858,0.4,10
121,8,-1.1421629781644005,1.00083831516467,0.008974048336810713,0.022990521452454955,-1.1426535193494736,0.4,10
122,8,-1.1421049324430406,1.0007439134888716,0.01758723279665318,0.02265856575954311,-1.1424177017185089,0.4,10
123,8,-1.141546042035009,1.0006805064320954,0.025703191908197198,0.022025046601055174,-1.1422592968940093,0.4,10
124,8,-1.1420164971670466,1.0007125699727624,0.033395215386698415,0.022420622320436574,-1.1423393999508444,0.4,10
125,8,-1.141361927117292,1.000721371114954,0.04081182033179545,0.02208421649090162,-1.142361387042227,0.4,10
126,8,-1.1407100201710316,1.000506970008738,0.048121103473994585,0.02285270078873528,-1.1418257132696976,0.4,10
127,8,-1.1403723404947264,1.000349412204048,0.055261000783754774,0.0221925476661052,-1.141431987347097,0.4,10
128,8,-1.1404928365119336,1.0003376851378118,0.06215068645422891,0.02213013896535925,-1.1414026797500927,0.4,10
129,8,-1.1406553957515166,1.0004290879075926,0.06891969810386653,0.02212374066603213,-1.1416310991018024,0.4,10
130,8,-1.1410845613200924,1.0005647732095306,2.220446049250313e-16,0.021937277949727593,-1.1419701438754581,0.4,10
131,8,-1.1431077250604629,1.0009499684860377,0.008866881589469154,0.02303261974900347,-1.142932403291385,0.4,10
132,8,-1.143627304971776,1.001240477547275,0.017690999662650028,0.02328712533509861,-1.1436578813892642,0.4,10
133,8,-1.143733712855124,1.0014406186395772,0.026451418413683512,0.02393664747010254,-1.1441575642727488,0.4,10
134,8,-1.1432551096906591,1.0014397196536857,0.03517575889662563,0.02451816446286238,-1.1441553200400947,0.4,10
135,8,-1.144026789095544,1.0015741549685906,0.043946733385342725,0.025346092283199104,-1.144490902625942,0.4,10
136,8,-1.1442662166703526,1.001840362515311,0.052520214663309056,0.02493602690499707,-1.145155287220253,0.4,10
137,8,-1.1446056737530668,1.0019963649956467,0.060575791775743515,0.024203642955421528,-1.14554454668064,0.4,10
138,8,-1.1443370358193548,1.0020519800883192,0.06831477185571548,0.024569068718484664,-1.1456833035445229,0.4,10
139,8,-1.1446972186872504,1.0021138312026345,0.07587673928254626,0.024512784696345696,-1.1458376099247298,0.4,10
140,8,-1.1435810696354005,1.001999272244983,2.220446049250313e-16,0.024668063823807918,-1.1455518003125393,0.4,10
141,8,-1.1441824114027568,1.0015969900226445,0.00968368542517987,0.02453612094165377,-1.1445478998877876,0.4,10
142,8,-1.1438221986190142,1.0015140358566887,0.019151028562206913,0.025010596764100713,-1.1443408365624614,0.4,10
143,8,-1.1428691410142557,1.0013340440074414,0.02843008931667828,0.024960148992551247,-1.143891496815874,0.4,10
144,8,-1.1433366994209582,1.0013073342926861,0.0373486252264564,0.024377908854446954,-1.1438248106007427,0.4,10
145,8,-1.1436682078350968,1.0015238894303289,0.045836665959398316,0.023841085252188206,-1.1443654331352868,0.4,10
146,8,-1.1434949798796614,1.001604927687056,0.05395827322553457,0.02427679113761512,-1.144567712329912,0.4,10
147,8,-1.1437893657690115,1.0016761738033533,0.06182319192083285,0.024438861322766833,-1.1447455358921528,0.4,10
148,8,-1.143487189853929,1.0017332341682128,0.06969822172929432,0.02474622032595383,-1.144887944040602,0.4,10
149,8,-1.142603749215977,1.001542071796971,0.07740973697937296,0.0243835299005198,-1.1444108194755138,0.4,10
150,8,-1.1429491587141525,1.0014511032130038,4.440892098500626e-16,0.024025848259832894,-1.1441837378629447,0.4,10
151,8,-1.145236293853555,1.0018118644087017,0.009482168878171509,0.024050905715625,-1.1450841718185183,0.4,10
152,8,-1.144736430417959,1.0019042922169141,0.0188513638590805,0.024799613766475777,-1.1453148127902257,0.4,10
153,8,-1.1444458719149133,1.0018284458735744,0.028092057793201737,0.024607267871990194,-1.14512555016569,0.4,10
154,8,-1.144622826590181,1.001874532893544,0.036951933979468846,0.02420592551726192,-1.145240554785801,0.4,10
155,8,-1.1435487324549685,1.0017547428145275,0.04546484424527017,0.024365555272835664,-1.1449416220425745,0.4,10
156,8,-1.1435711713301402,1.0016042387571438,0.05381061497134905,0.02448010220932847,-1.1445659927643193,0.4,10
157,8,-1.1445276360455543,1.0018418011679822,0.061761667700669466,0.02335144419592078,-1.1451588772424073,0.4,10
158,8,-1.1441062959407833,1.0019843931556567,0.06935010209738937,0.023876672887703433,-1.1455146765335809,0.4,10
159,8,-1.1439862868548336,1.0019168906433065,0.07675346093754115,0.02376750618038346,-1.1453462487948456,0.4,10
160,8,-1.1439570796221796,1.0019101038678535,0.0,0.024065780785120366,-1.1453293142603984,0.4,10
161,8,-1.1436771777420844,1.0012595069236845,0.009460137242865388,0.024016979213553613,-1.1437053954380978,0.4,10
162,8,-1.1435190336327288,1.0013447261321589,0.018656531947871112,0.02406754406730935,-1.143918166406817,0.4,10
163,8,-1.1444785085033922,1.0015782039385797,0.027496264182174067,0.02348043665676274,-1.1445010091212644,0.4,10
164,8,-1.1441495145302687,1.0017679223490528,0.035990226598635454,0.02366938701385747,-1.1449745129470656,0.4,10
165,8,-1.1435732774408356,1.0016457286947535,0.04423869903202727,0.023679031914132467,-1.1446695493306227,0.4,10
166,8,-1.1422191145922684,1.0013184064535885,0.0523655496041911,0.023865938312751682,-1.143852454709868,0.4,10
167,8,-1.142174967225209,1.0010908311228146,0.060323507340241,0.023662729264328934,-1.143284200909688,0.4,10
168,8,-1.1420227577126678,1.0010855687390787,0.06790644319836574,0.02373474763102073,-1.1432710592511002,0.4,10
169,8,-1.1418790651895938,1.001056543826583,0.07517556583053264,0.024486453075972112,-1.1431985746049915,0.4,10
170,8,-1.1412715497208443,1.000926515456891,2.220446049250313e-16,0.024036076717045583,-1.1428738256784905,0.4,10
171,8,-1.1416365700212354,1.00072140651574,0.009374748931759434,0.023840815164725197,-1.142361475480393,0.4,10
172,8,-1.1406553695585635,1.0003613735458983,0.0185181694231295,0.02383783609749152,-1.1414618800780594,0.4,10
173,8,-1.140798856725523,1.0002665803090627,0.027336383065893446,0.023672828800488883,-1.1412249713696614,0.4,10
174,8,-1.141142414977794,1.0004221428534985,0.03568160579208413,0.022731805294789107,-1.1416137438532277,0.4,10
175,8,-1.141571985351257,1.0006259584210968,0.043626436586914764,0.02260833909060923,-1.14212301588965,0.4,10
176,8,-1.1410556593348775,1.0006507865034677,0.051217121344037726,0.02266865494906612,-1.142185046496949,0.4,10
177,8,-1.1410439520178366,1.0005730857060966,0.058345501549844976,0.022397984914491267,-1.1419909133005355,0.4,10
178,8,-1.1409105909290465,1.0005748900305158,0.06521296493546094,0.02252459045771218,-1.141995421523918,0.4,10
179,8,-1.141070987748838,1.0006064034204254,0.07182954208670331,0.021929884636531304,-1.142074158492966,0.4,10
180,8,-1.1410328542193964,1.0006351158823443,2.220446049250313e-16,0.02208301165411996,-1.142145895116566,0.4,10
181,8,-1.1435688694994914,1.001177031205782,0.008786366311277466,0.022438266981797357,-1.1434994570316137,0.4,10
182,8,-1.1433360050483612,1.0012680326778876,0.017275534277382043,0.022641795427560715,-1.1437266829211263,0.4,10
183,8,-1.1426843014441288,1.0011609306935756,0.025734391261544975,0.023758441683233912,-1.143459252749137,0.4,10
184,8,-1.1425966937284637,1.0010806302278554,0.03413865644732599,0.02353702634650746,-1.1432587263308205,0.4,10
185,8,-1.1424493375457863,1.0010891903434227,0.04224395650236666,0.023377898760756965,-1.1432801034275066,0.4,10
186,8,-1.1421769093150105,1.0010621710765875,0.05022910815799137,0.024000806288955838,-1.1432126278425996,0.4,10
187,8,-1.141794642736941,1.0009853082554252,0.05810742115307909,0.02430682739112453,-1.1430206673072139,0.4,10
188,8,-1.142256249617487,1.0010486943380954,0.06582593776685769,0.024048162903219483,-1.1431789715183545,0.4,10
189,8,-1.1425550851082946,1.0012430507749035,0.073345565900655,0.024435143814421165,-1.143664306479888,0.4,10
190,8,-1.1419773909146702,1.0012122694831158,0.0,0.02410775925789968,-1.1435874476069867,0.4,10
191,8,-1.1434759604479026,1.0014416315308434,0.009446748700979146,0.024227579418458874,-1.1441600928569085,0.4,10
192,8,-1.1434728602207578,1.0012959484562889,0.01868145581906267,0.023895738987577922,-1.1437963830122757,0.4,10
193,8,-1.1433290211204503,1.001340704821848,0.02757142551633805,0.023779435634129906,-1.143908126611628,0.4,10
194,8,-1.1430123926193068,1.0013168583970942,0.03622378170973503,0.02406021215706239,-1.1438485896613453,0.4,10
195,8,-1.1431788432698522,1.001341892548019,0.04448603694690573,0.023332129280703447,-1.1439110919496516,0.4,10
196,8,-1.1427850106711577,1.0013379697422362,0.05228193036259733,0.023362565737398477,-1.1439012980583343,0.4,10
197,8,-1.1425509118368833,1.001254444061011,0.05980368519937393,0.023336043255774062,-1.1436927541711759,0.4,10
198,8,-1.141879265714143,1.001108214452496,0.06703349486153767,0.02306778409895638,-1.1433276115029558,0.4,10
199,8,-1.1418847993131376,1.0010029516091248,0.0739807836616417,0.02308247296022571,-1.1430647318855485,0.4,10
200,8,-1.1417434675795202,1.0010082186072664,0.0,0.02311105641784587,-1.1430778861531667,0.4,10
201,8,-1.1424359801805468,1.0008063802307043,0.00904242043641802,0.023027655566792798,-1.142573747614655,0.4,10
202,8,-1.1421862307297848,1.0008176444406998,0.01778585612127732,0.023120031230449624,-1.1426018852915032,0.4,10
203,8,-1.1420781550551342,1.000813203711636,0.02623426119219886,0.02332982522648435,-1.1425907925141614,0.4,10
204,8,-1.1419744942491674,1.0008323208131582,0.034458281135101285,0.022961017722335872,-1.1426385459782202,0.4,10
205,8,-1.1416549640754328,1.000806219404973,0.04252908195169804,0.023329791660435275,-1.1425733458742495,0.4,10
206,8,-1.14266283855244,1.0009914965859785,0.05031424132796192,0.023316286837480313,-1.1430361228572947,0.4,10
207,8,-1.142498701239679,1.001204113007353,0.05785323372615084,0.023674431556897555,-1.1435670810243064,0.4,10
208,8,-1.1422995291658897,1.0011852022949703,0.06538454317749862,0.024158128355778095,-1.143519860655523,0.4,10
209,8,-1.1422274402791908,1.0011905049697971,0.07301061026763231,0.024537459390553747,-1.1435331016142691,0.4,10
210,8,-1.1436563601959822,1.0015148090082737,2.220446049250313e-16,0.023797880385929674,-1.1443427665186554,0.4,10
211,8,-1.1450808479942576,1.0017736574146412,0.00949924530303238,0.024275096084020637,-1.144988825266925,0.4,10
212,8,-1.1450093237860224,1.001925616505459,0.01872670989917071,0.02418631685544372,-1.1453680216191098,0.4,10
213,8,-1.1446891655446103,1.0019230205561294,0.02766817657764036,0.023878415608701214,-1.145361544210383,0.4,10
214,8,-1.1434516483127832,1.0016783978534292,0.036314598481682364,0.02419436789665014,-1.1447510867070394,0.4,10
215,8,-1.1435750686174793,1.0015187413962692,0.04476834994263269,0.023923605484672796,-1.1443525825998555,0.4,10
216,8,-1.1439547082276795,1.00167295636742,0.05295365583749171,0.02370517233052222,-1.1447375057493165,0.4,10
217,8,-1.1442750684871656,1.0018521988754285,0.060746714595643625,0.023538088843590765,-1.1451848235881212,0.4,10
218,8,-1.144142132550104,1.0019338336794004,0.06836165218364713,0.024051242834209438,-1.145388524988098,0.4,10
219,8,-1.1443248298092639,1.0019899442678697,0.07587245567034007,0.023837358284486642,-1.145528526791314,0.4,10
220,8,-1.1438753443925875,1.0019524818203762,2.220446049250313e-16,0.02323944178559821,-1.1454350549255299,0.4,10
221,8,-1.145484476000337,1.0020385764274486,0.009559237355966642,0.02482954701311363,-1.1456498627879979,0.4,10
222,8,-1.1448730124855468,1.0019856686916417,0.019100974469625328,0.024646602778394026,-1.1455178590561368,0.4,10
223,8,-1.1446983344315544,1.0019086282654586,0.02831280512137128,0.024367422309806836,-1.1453256322846497,0.4,10
224,8,-1.1446037927441461,1.0019295641392838,0.03730693566158877,0.024816003114621833,-1.145377871716719,0.4,10
225,8,-1.1443291261062973,1.0019266780651856,0.04614056405388143,0.024750760467759505,-1.1453706704164526,0.4,10
226,8,-1.14398470708804,1.0018644744351097,0.054741489098377304,0.024764312157279363,-1.1452154555628031,0.4,10
227,8,-1.1438999158344787,1.0018405409062043,0.0632255652911466,0.02503338031401412,-1.1451557323781945,0.4,10
228,8,-1.14360685156447,1.001814023817299,0.07145261202301975,0.024692862714459314,-1.1450895605705043,0.4,10
229,8,-1.1430743246763584,1.001683890301551,0.0793212404463021,0.024657026337595225,-1.1447647947820951,0.4,10
230,8,-1.1432877680471436,1.0016521135564262,2.220446049250313e-16,0.024027022346296775,-1.144685485207799,0.4,10
231,8,-1.1440396483514894,1.0013699052613831,0.00949571231105248,0.02384940900123693,-1.1439810289056236,0.4,10
232,8,-1.1434574262719133,1.0014047866237057,0.01865807177902499,0.024198299779821165,-1.1440681114977578,0.4,10
233,8,-1.1442563908585113,1.0015318118237602,0.027861693175010232,0.024936699424657763,-1.1443852089044435,0.4,10
234,8,-1.143320544132666,1.001581919519629,0.03692139762725846,0.02483869869048427,-1.144510283419922,0.4,10
235,8,-1.1429498159228937,1.0013809013995558,0.04555539352525227,0.024294400714807193,-1.1440084814926754,0.4,10
236,8,-1.1435452746477308,1.0014789001070188,0.05385300694550083,0.023852063665261696,-1.144253128440673,0.4,10
237,8,-1.1433678090056099,1.0016165937874386,0.06197495913444328,0.02458033832914454,-1.144596830678176,0.4,10
238,8,-1.1425245334260539,1.0014735678782014,0.07008223253822012,0.024967799323680928,-1.144239817518665,0.4,10
239,8,-1.1431153724373253,1.0014635925419169,0.07794303342122885,0.024049464076918284,-1.1442149157482007,0.4,10
240,8,-1.1425138409047344,1.001480643081125,2.220446049250313e-16,0.024193587950699546,-1.1442574794374563,0.4,10
241,8,-1.1443355543010456,1.0016199398353993,0.009618226934017728,0.02446992743291885,-1.144605182282952,0.4,10
242,8,-1.1442660241052776,1.0016301791905555,0.018945006404551903,0.024315529748738265,-1.1446307391394297,0.4,10
243,8,-1.1438020989713487,1.001600467826834,0.02798053270259185,0.024385938855511043,-1.1445565805202813,0.4,10
244,8,-1.1433774643621668,1.001498247976298,0.03692010516747443,0.02474659429897529,-1.144301426219052,0.4,10
245,8,-1.1427344100563888,1.0013532718517322,0.045677083077758064,0.024915383564329832,-1.143939501924156,0.4,10
246,8,-1.1420654797591756,1.0011372907287677,0.053933909403696294,0.024582539108733936,-1.1434002206715053,0.4,10
247,8,-1.142319699677832,1.00109648950486,0.06183466452921465,0.024647775256467042,-1.14329833141083,0.4,10
248,8,-1.1419311634801759,1.0011168320567636,0.069570661371714,0.02469753299000037,-1.143349131572045,0.4,10
249,8,-1.1419375072967657,1.001075894906538,0.07703985198196991,0.02437015812141498,-1.1432469007785753,0.4,10
250,8,-1.1420103794355558,1.0011288591952565,0.0,0.024007076409089712,-1.1433791656945944,0.4,10
251,8,-1.1456526609805173,1.0020887912669962,0.009923514134528017,0.02492554730812369,-1.1457751413515431,0.4,10
252,8,-1.1448884270962647,1.0020240750590188,0.01938128363079444,0.024464195478027397,-1.1456136828601395,0.4,10
253,8,-1.1439714723734886,1.0017635386703456,0.028426589516166344,0.024428996820461932,-1.144963573067175,0.4,10
254,8,-1.144184147335782,1.0016929018618173,0.03721926016143093,0.024317495886953856,-1.1447872857091657,0.4,10
255,8,-1.1434400951287722,1.0016578084548786,0.04593344789593551,0.02530134400954091,-1.1446996989307712,0.4,10
256,8,-1.1432810367731363,1.0015394023290223,0.05445289426723312,0.024782087495720875,-1.144404156072193,0.4,10
257,8,-1.1429211441009892,1.0014763024156037,0.06253559738041181,0.02410568784676264,-1.1442466437938568,0.4,10
258,8,-1.1425073194129527,1.0013504456201587,0.07016282623806436,0.02371837577262766,-1.1439324458839926,0.4,10
259,8,-1.142335721701188,1.0012617410879192,0.0774591575993384,0.024104248974040964,-1.1437109738164444,0.4,10
260,8,-1.1421230022501287,1.0012120645987606,0.0,0.023901304355287242,-1.14358693601623,0.4,10
261,8,-1.1418341744607305,1.0007071070735836,0.00929554489035059,0.023752097457823734,-1.142325752390459,0.4,10
262,8,-1.1413771426575958,1.0005413994432506,0.01825251988387784,0.023356692153243833,-1.1419117417611642,0.4,10
263,8,-1.1414312608833705,1.0005239866098896,0.026625148021163683,0.02246869933650281,-1.1418682328546517,0.4,10
264,8,-1.1420595179571176,1.0007123688567148,0.034516178778991095,0.02245180433559888,-1.1423388975186908,0.4,10
265,8,-1.142630618518494,1.000993680499751,0.04193722547200636,0.021500412711036095,-1.1430415772277787,0.4,10
266,8,-1.1427755957649726,1.0011695810558376,0.048920413403942334,0.022146312764195864,-1.1434808534844074,0.4,10
267,8,-1.1424620364655294,1.0011714190218968,0.05569403569602918,0.02271796633355282,-1.1434854430274946,0.4,10
268,8,-1.1419851788252746,1.0010385693305028,0.06217436317241318,0.0222577331609781,-1.1431536853887811,0.4,10
269,8,-1.1417957121844993,1.000927554426791,0.06841377525022743,0.022412700803442497,-1.1428764206975655,0.4,10
270,8,-1.141691049024737,1.0008902754376436,2.220446049250313e-16,0.022334063724825888,-1.1427833078563374,0.4,10
271,8,-1.143991673656297,1.001320519004305,0.008851469606240732,0.023097950039626607,-1.1438577291272594,0.4,10
272,8,-1.1434797403906605,1.0013877488036136,0.017674021078545356,0.023280312290871776,-1.1440255763379952,0.4,10
273,8,-1.1437871193141669,1.0014200474867199,0.026379085017751228,0.02426908114671786,-1.1441062098445376,0.4,10
274,8,-1.1435819712430055,1.001510381676295,0.03498894605968496,0.024260533203858157,-1.1443317149053254,0.4,10
275,8,-1.1428622147006462,1.0013895126212768,0.043451313049666304,0.024354630479309802,-1.1440299797674163,0.4,10
276,8,-1.1432270571092926,1.0013812563766205,0.051827678705276665,0.024630958754988157,-1.144009367711398,0.4,10
277,8,-1.1435913977071877,1.001579144415799,0.059986101883565596,0.02445759622912969,-1.1445033566083933,0.4,10
278,8,-1.1429518638297997,1.0015657325738498,0.0678389072615634,0.024466608027935634,-1.1444698796439872,0.4,10
279,8,-1.142987758943085,1.0014818788544873,0.07541923099981515,0.02422905135108565,-1.1442605643013735,0.4,10
280,8,-1.1427175513068033,1.0014714394384094,0.0,0.024526850482169713,-1.1442345042430022,0.4,10
281,8,-1.1437597037685823,1.0013474894405652,0.00948002984252372,0.023838956322958803,-1.143925065391054,0.4,10
282,8,-1.1431011235154531,1.0012776233164629,0.018661020116871117,0.024374528083627514,-1.1437506290382748,0.4,10
283,8,-1.1432382626244746,1.0012521697778727,0.02770866563176826,0.02455851024172282,-1.1436870755803454,0.4,10
284,8,-1.1435584366315559,1.001411689461758,0.03644752635691714,0.02416166367273964,-1.1440853443249643,0.4,10
285,8,-1.1430250970174138,1.0014264821122214,0.04483203034032908,0.023954236397423927,-1.144122273545392,0.4,10
286,8,-1.1428448348400089,1.0013307956208062,0.05284261735520614,0.02343319785269363,-1.1438833866554232,0.4,10
287,8,-1.143535248972804,1.0014713256533128,0.06048739688323584,0.023225430081917842,-1.1442342201981992,0.4,10
288,8,-1.143196508081214,1.001577933139936,0.06784847828200874,0.023565045512178088,-1.1445003331913166,0.4,10
289,8,-1.1429632667932599,1.0014948761222846,0.07495775128333643,0.023850273504020938,-1.1442930091806396,0.4,10
290,8,-1.1421804666278634,1.0013243707632955,2.220446049250313e-16,0.023691383194912208,-1.1438673458072064,0.4,10
291,8,-1.1424483694272667,1.0007456599267823,0.009056973884279675,0.023207649415411504,-1.1424220645638936,0.4,10
292,8,-1.1427608980830546,1.0009354590541149,0.017814114358367973,0.022986642776089704,-1.1428961638749717,0.4,10
293,8,-1.1425582803536254,1.001025453412531,0.026296612312226995,0.023200869500390034,-1.1431209293984048,0.4,10
294,8,-1.1423046125581,1.0009925513512894,0.03444482075693319,0.022678137528187207,-1.1430387571572809,0.4,10
295,8,-1.1425757538994334,1.0010420824519592,0.04217433670950161,0.022527260797856954,-1.1431624590649392,0.4,10
296,8,-1.1418058785341034,1.0009828878033475,0.04957670424817409,0.02241787707328836,-1.1430146221260689,0.4,10
297,8,-1.1417034224502927,1.000839564768639,0.05661349015030091,0.022160839975334225,-1.1426566407407335,0.4,10
298,8,-1.1419306719485307,1.0008908750376444,0.06333137771337702,0.022357017554284344,-1.1427848055225551,0.4,10
299,8,-1.1417160266056798,1.0009118832408632,0.0696934700450266,0.02205396640154351,-1.142837278732347,0.4,10
300,8,-1.1414513356767972,1.0008491573459468,2.220446049250313e-16,0.022792033402521575,-1.1426806019520899,0.4,10
301,8,-1.142782252731366,1.0010380070080718,0.009047526637290608,0.023267065198650766,-1.1431522810408214,0.4,10
302,8,-1.1417975766401751,1.0008133564608366,0.018020924629683674,0.023623755804035015,-1.1425911740768435,0.4,10
303,8,-1.14181386969435,1.0006941370923332,0.02682811852437535,0.023712157348868224,-1.142293350139066,0.4,10
304,8,-1.1417835849002786,1.0007596690625469,0.03543959422170348,0.02354935516262649,-1.1424570610626847,0.4,10
305,8,-1.1415846444959181,1.0007739953566168,0.0437890400436369,0.023550159308876398,-1.1424928493542457,0.4,10
306,8,-1.141803889973067,1.000832806954615,0.0519163950034432,0.02388908400041756,-1.1426397603208431,0.4,10
307,8,-1.1417457902179737,1.0009139040158752,0.059826993331106824,0.023419059049813076,-1.1428423260622032,0.4,10
308,8,-1.1406450152843945,1.0007146697607874,0.06733636989300068,0.023496762883628723,-1.1423446456774504,0.4,10
309,8,-1.141021203628128,1.0006050749259148,0.07461378738868794,0.023703884899042613,-1.1420708392672725,0.4,10
310,8,-1.1405194039903455,1.0006193478173788,0.0,0.023730913802403084,-1.1421064996642327,0.4,10
311,8,-1.1424951582831564,1.0008050593620783,0.009668552323825741,0.024630763398948503,-1.142570448101571,0.4,10
312,8,-1.1426430810860606,1.0009392408507378,0.01911070177701743,0.024447297778955338,-1.1429056095126617,0.4,10
313,8,-1.1423723981724367,1.000993666000518,0.02825841705312891,0.024285057606206084,-1.1430415410156791,0.4,10
314,8,-1.1417337653888389,1.000879308556797,0.037041657266677186,0.024086450065586896,-1.1427559148912976,0.4,10
315,8,-1.1415547358602545,1.0007738985297527,0.045479589357880885,0.023999314654517812,-1.142492607474287,0.4,10
316,8,-1.141550002169286,1.0007918165433036,0.053686396379063854,0.024004411163133038,-1.1425373674674673,0.4,10
317,8,-1.1418700692743478,1.000896313898763,0.06154338463989573,0.0236922442253247,-1.1427983905358592,0.4,10
318,8,-1.142302807659129,1.0010759457048415,0.06898182777993188,0.023611083177345994,-1.1432470276378444,0.4,10
319,8,-1.142246649947523,1.0011810682034845,0.07612484364659151,0.024053406264148893,-1.14350953764033,0.4,10
