step,r_s,ke,pot,elocal,weight,weightvar,elocalvar,eref,tau,popstep
0,10,-0.00015705456914645743,-0.279912058498031,-0.28006911306717747,1.0047848185366066,0.0,0.10293170307313307,-0.28412823063816134,1.0,10
1,10,0.000491605133723285,-0.28687833884492514,-0.2863867337112018,1.0099178467103405,0.06973728897837733,0.08441905769894525,-0.28922381061513225,1.0,10
2,10,0.00023054632275401144,-0.2856547729004218,-0.2854242265776678,1.014296217046928,0.12543840413361448,0.09665669602859361,-0.29354981273432945,1.0,10
3,10,-0.00014867953241049335,-0.2837674147995713,-0.28391609433198184,1.0170914058063891,0.17322248797004156,0.11002142672746698,-0.29630181387102095,1.0,10
4,10,-0.0010613151987270302,-0.28012525227951435,-0.28118656747824133,1.0194691377379441,0.21545683356674283,0.24856977415194556,-0.29863686157629415,1.0,10
5,10,-0.00034472997759016783,-0.28246662489909824,-0.2828113548766884,1.0211985419232217,0.25332347937608174,0.12486448709882465,-0.3003318015378926,1.0,10
6,10,0.0006052331607548738,-0.28658621919468735,-0.28598098603393257,1.0226431820664814,0.2872871930047629,0.08029359551504923,-0.3017454534531905,1.0,10
7,10,0.0006017851906310089,-0.2865821640863284,-0.28598037889569744,1.0237842739857057,0.3182569625558633,0.08157609716053585,-0.30286065744843826,1.0,10
8,10,0.00047785059408301454,-0.28606447714685473,-0.2855866265527718,1.0245650498764114,0.3475562325529095,0.08366827742218444,-0.3036230039089993,1.0,10
9,10,0.0003610663421350595,-0.2856057147671526,-0.28524464842501746,1.025228103062861,0.3756336320075395,0.0873617819327821,-0.304269950366621,1.0,10
10,10,0.00043173493090602075,-0.28556627814980323,-0.2851345432188972,1.0259620983438213,2.220446049250313e-16,0.08580702427698643,-0.3049856278418603,1.0,10
11,10,0.0010465671821342892,-0.30402958762826404,-0.3029830204461296,1.0264213321364657,0.04850302797762796,0.056179689286265364,-0.30543314051759934,1.0,10
12,10,0.0009010167942554901,-0.30176764570996595,-0.3008666289157105,1.026614095830409,0.0924339156599167,0.06445891181553803,-0.3056209246073271,1.0,10
13,10,0.0007987257070394543,-0.2997678896862467,-0.2989691639792072,1.0269937286812438,0.13292845187688052,0.06739603277640113,-0.30599064744401283,1.0,10
14,10,0.0008577662941231796,-0.2985204404013952,-0.297662674107272,1.027393092186926,0.16981948436120858,0.06766968998085494,-0.30637943840261533,1.0,10
15,10,0.0008205862688928992,-0.2974227521597036,-0.29660216589081073,1.0276940242124177,0.2039006646312946,0.06805591446460976,-0.30667230387312616,1.0,10
16,10,0.0008156222723816278,-0.2962106459180024,-0.29539502364562076,1.0279826939060033,0.2363039608283232,0.06893684420317638,-0.30695315513046517,1.0,10
17,10,0.0004895638818683112,-0.2938349657345299,-0.2933454018526616,1.0281957342774055,0.26765533155172483,0.0845953208471663,-0.30716037486319303,1.0,10
18,10,0.0006116995292500192,-0.2937709409407629,-0.29315924141151284,1.0286440777553452,0.29759455644900423,0.07492878182397972,-0.3075963285844479,1.0,10
19,10,0.00037062635125991063,-0.2920011107726967,-0.29163048442143674,1.0289129868810432,0.32594961070303513,0.08352613809492572,-0.30785771538324025,1.0,10
20,10,0.0004745731544748222,-0.2914527490130304,-0.2909781758585556,1.0289958598255093,0.0,0.08019747538897751,-0.3079382563116138,1.0,10
21,10,0.0009148249087357588,-0.30677087598388264,-0.30585605107514685,1.0292644764718717,0.04804638268926602,0.05763785575913375,-0.30819926959856325,1.0,10
22,10,0.0009064618294278505,-0.3045621296842199,-0.30365566785479203,1.029370020958497,0.08995607908005325,0.05900476665131185,-0.30830180794313045,1.0,10
23,10,0.0008631190096129653,-0.3024616713290562,-0.30159855231944327,1.029264916850859,0.12811548060856345,0.06427831299135231,-0.30819969745642006,1.0,10
24,10,0.0007228892381313626,-0.30040472300389054,-0.2996818337657592,1.029216705228758,0.16337614525342037,0.06936733503689593,-0.308152855530223,1.0,10
25,10,0.0006693058918844598,-0.2985352286255499,-0.2978659227336654,1.0290987004562282,0.19653767407096112,0.07022511572384454,-0.3080381940236987,1.0,10
26,10,0.0006403748079129755,-0.2973617058411844,-0.2967213310332714,1.0291492949344323,0.22820258580223393,0.07199646185637844,-0.30808735668857434,1.0,10
27,10,0.0007262680625560971,-0.29601175907570143,-0.29528549101314533,1.0292567672355637,0.25839776233011647,0.07169228491321562,-0.30819177952642374,1.0,10
28,10,0.0004451305624019283,-0.2934178703437155,-0.29297273978131366,1.029099752368649,0.28753127553786584,0.08539648293237659,-0.3080392161918178,1.0,10
29,10,0.0003678221042246871,-0.29266256385992756,-0.2922947417557029,1.0292605193387518,0.3158094983343358,0.09151818656328102,-0.3081954249689105,1.0,10
30,10,0.0005743120117179287,-0.29302191500594627,-0.29244760299422834,1.0297080915556158,4.440892098500626e-16,0.07789950188775624,-0.3086301787787015,1.0,10
31,10,0.0008981979477689169,-0.3074555113534421,-0.3065573134056732,1.0301533113904289,0.04710738559090901,0.0558462532030804,-0.3090624601361845,1.0,10
32,10,0.0006496032741273259,-0.3043624649767209,-0.30371286170259365,1.0299704348037162,0.09053985202830327,0.07176859154733486,-0.30888492071649587,1.0,10
33,10,0.0007473312121806185,-0.3029283342125627,-0.3021810030003821,1.0300817102130726,0.12876118640156944,0.06799803067040525,-0.3089929523599995,1.0,10
34,10,0.0008260375422727488,-0.30189513723312955,-0.3010690996908568,1.0301869246070823,0.16347355309913908,0.06523266367596257,-0.3090950889380388,1.0,10
35,10,0.0006525882131122146,-0.29981198459744857,-0.29915939638433636,1.030152912612416,0.1962411321813156,0.0725855259655323,-0.3090620730306094,1.0,10
36,10,0.0008019246268880206,-0.2987130919387908,-0.29791116731190276,1.0299847631793326,0.22722333350259158,0.0675043630667678,-0.30889883206333546,1.0,10
37,10,0.0008623268153004979,-0.29746260242261496,-0.2966002756073144,1.0298151251531913,0.2568404076554046,0.06633771894022292,-0.3087341189497114,1.0,10
38,10,0.0007700615606951232,-0.2966411793609898,-0.2958711178002947,1.0300506705986305,0.28559590913565647,0.0686819069498563,-0.3089628187484571,1.0,10
39,10,0.000632285391631645,-0.2950502686626234,-0.2944179832709918,1.0301527464304654,0.3133217659983899,0.07458680684829606,-0.3090619117128457,1.0,10
40,10,0.0005919435400116776,-0.29376315352927895,-0.2931712099892673,1.0300805089518152,4.440892098500626e-16,0.07579676777897698,-0.308991786178767,1.0,10
41,10,0.0010487283892885394,-0.30735522267523374,-0.30630649428594525,1.0296426148020805,0.04607059578029049,0.052511595140850215,-0.3085665890721443,1.0,10
42,10,0.001009069971768274,-0.305502391683857,-0.3044933217120887,1.0296984654413368,0.08775236472775563,0.055083271490699894,-0.30862083034359356,1.0,10
43,10,0.0008565975306388605,-0.3030134121717252,-0.3021568146410864,1.0296961144853733,0.1262777799255111,0.06541103977997308,-0.30861854719107257,1.0,10
44,10,0.0008727233666560671,-0.3015123454358705,-0.3006396220692144,1.0297449662814102,0.1613687573320403,0.06614234683431026,-0.3086659889911825,1.0,10
45,10,0.000832697298491163,-0.3002552172836531,-0.29942251998516195,1.0298841380600368,0.19396489189911525,0.06973146981478219,-0.30880113155500155,1.0,10
46,10,0.0008726666204227087,-0.29904461812708905,-0.2981719515066663,1.0298950105093558,0.22484461760644325,0.06784424345049218,-0.30881168846283963,1.0,10
47,10,0.0008250540957149674,-0.2981376101595596,-0.29731255606384466,1.0300102449572346,0.2546042207682288,0.06791954218965886,-0.30892357171348245,1.0,10
48,10,0.00044900492121794836,-0.2954098149357465,-0.29496081001452856,1.030085580703081,0.2836226618201171,0.08611596471872018,-0.3089967098121493,1.0,10
49,10,0.0004616106674421164,-0.2944457051541507,-0.29398409448670865,1.0300598508658931,0.3112480848503226,0.08180242212886205,-0.3089717311511334,1.0,10
50,10,0.0006598560507266895,-0.29504265002791874,-0.294382793977192,1.030456114375753,0.0,0.07675953738819268,-0.30935635667350675,1.0,10
51,10,0.001117573072849996,-0.30805257736286307,-0.3069350042900131,1.030012171439084,0.044818700914649096,0.05016872021052563,-0.30892544206385725,1.0,10
52,10,0.0009753944043219518,-0.3051510753187131,-0.3041756809143912,1.0298270338833033,0.08666669700843965,0.059010106688215845,-0.30874568283235915,1.0,10
53,10,0.0009221462753856866,-0.3034066532215852,-0.3024845069461995,1.0297528409067633,0.12525357833903356,0.062273814059092304,-0.30867363612275567,1.0,10
54,10,0.0009200839222308413,-0.30172763294590577,-0.3008075490236749,1.0297852366828344,0.1609904256855522,0.06194574779278574,-0.30870509538677826,1.0,10
55,10,0.0006542284155069466,-0.299029706630734,-0.29837547821522714,1.0296405370207968,0.19526885837291683,0.0724796817184656,-0.3085645711065412,1.0,10
56,10,0.0007953102704701046,-0.29874781178365567,-0.2979525015131856,1.0299718402077516,0.2273148083640661,0.07029936651131005,-0.30888628522466854,1.0,10
57,10,0.0007535394988226404,-0.2971839995152676,-0.2964304600164449,1.0300586599493398,0.25706086449649596,0.07350013080479437,-0.30897057498798314,1.0,10
58,10,0.0007108929389012897,-0.2957454263035181,-0.2950345333646168,1.0298459911073674,0.2858772528712314,0.07321210620794892,-0.3087640908260887,1.0,10
59,10,0.0006840042588534608,-0.29488013804150426,-0.29419613378265075,1.0297687956943529,0.3139763339584579,0.0753395077517422,-0.30868912980566354,1.0,10
60,10,0.0007563135423122898,-0.29362441988868887,-0.2928681063463766,1.0294882148681403,2.220446049250313e-16,0.0763113715255767,-0.30841662294856953,1.0,10
61,10,0.0008931084591572397,-0.3068124397050907,-0.3059193312459334,1.0292111163469548,0.047869837090931934,0.05621399524881986,-0.30814742528705835,1.0,10
62,10,0.0007935319368358964,-0.3043238177858555,-0.3035302858490196,1.0294520230176971,0.0916829568067043,0.06122106549964934,-0.30838146714386866,1.0,10
63,10,0.0007178353525679696,-0.30239696938666755,-0.30167913403409957,1.029586085851508,0.13135593115595035,0.06418577140492197,-0.30851168603920903,1.0,10
64,10,0.0006599991055640181,-0.3014457003106671,-0.30078570120510306,1.0302137372659959,0.16739828871131476,0.06770824251602427,-0.309121115583643,1.0,10
65,10,0.0006635557911917395,-0.30046760491297336,-0.29980404912178166,1.0309368118618982,0.1999049196700903,0.06968000517486256,-0.30982273791382253,1.0,10
66,10,0.0006096912896286196,-0.2988107840364255,-0.29820109274679685,1.030979889803102,0.23007369917794018,0.07282830374565283,-0.3098645222799661,1.0,10
67,10,0.0004742848496620945,-0.2969605038845325,-0.2964862190348705,1.0308584613081133,0.25911825368302766,0.07756800884194444,-0.30974673565031724,1.0,10
68,10,0.00027651925821055767,-0.2944135705466372,-0.29413705128842665,1.0305238872054685,0.2870747187804847,0.08180387474660886,-0.30942212424979376,1.0,10
69,10,-0.0011534437739707355,-0.2868724881650427,-0.2880259319390135,1.029938958011484,0.31402411844088185,0.3551873439347292,-0.30885435937982253,1.0,10
70,10,0.00039956517849784915,-0.29222682757490465,-0.2918272623964068,1.0297401094135241,0.0,0.08536945674756695,-0.308661272406495,1.0,10
71,10,0.0007455194174019578,-0.30769952671501444,-0.3069540072976125,1.030312465984127,0.05009673628044336,0.06591395049696357,-0.3092169442297927,1.0,10
72,10,0.0004835158935115835,-0.3045113364444428,-0.3040278205509312,1.030921679094822,0.09245341087859643,0.09641207045157568,-0.30980805914984044,1.0,10
73,10,0.0007507436551274856,-0.3040400834359873,-0.3032893397808598,1.0311163083934458,0.1298544592917545,0.06568174122242829,-0.30999683287795105,1.0,10
74,10,0.0006606018085028165,-0.3020485076565175,-0.30138790584801467,1.0311831570898204,0.16488761781376554,0.06934194881172374,-0.31006166215955333,1.0,10
75,10,0.0006602787685812804,-0.3012992858797015,-0.30063900711112024,1.0314603147173282,0.19764837121288575,0.06874774410499222,-0.3103304023785627,1.0,10
76,10,0.00030939630757582985,-0.29872110419381376,-0.29841170788623794,1.031714098611599,0.22843037517043016,0.0923800420222761,-0.31057641540965786,1.0,10
77,10,0.0006488393192134842,-0.2981020207006536,-0.2974531813814401,1.0314795774741452,0.25728988222624477,0.07193817235904988,-0.3103490774324412,1.0,10
78,10,0.0006957336796143128,-0.29760707630284716,-0.2969113426232329,1.0312372985034692,0.2847934609568299,0.07275096124284383,-0.3101141649491899,1.0,10
79,10,0.0004052661444989748,-0.2948556617622169,-0.294450395617718,1.03105649432902,0.31144356092286046,0.08298722098277378,-0.309938822158031,1.0,10
80,10,0.0006315781223277336,-0.29495892059098433,-0.2943273424686566,1.0307460535996993,2.220446049250313e-16,0.07462209653168231,-0.3096376868897885,1.0,10
81,10,0.0008139529748500812,-0.30834300463975267,-0.3075290516649025,1.0310355650553484,0.04779162855253458,0.05694741004817695,-0.3099185230898326,1.0,10
82,10,0.0006248948857171756,-0.3059817439290378,-0.3053568490433207,1.0313525737235556,0.08945508047485798,0.07667118250363363,-0.3102259421102808,1.0,10
83,10,0.0006825597850606192,-0.30403957949146054,-0.3033570197063999,1.0313764900528273,0.1267099239013038,0.06699490841365785,-0.3102491311269022,1.0,10
84,10,0.0006643308083121078,-0.30159386029204016,-0.30092952948372803,1.0309327601272449,0.16153015171300703,0.06948546865980802,-0.30981880775770715,1.0,10
85,10,0.0007401309482536303,-0.30014939248843736,-0.2994092615401837,1.0304901291626416,0.1944214930935406,0.0677371059636493,-0.30938936557609026,1.0,10
86,10,0.0006827328031385599,-0.29845154830193,-0.2977688154987915,1.0303037647786264,0.22555261728859952,0.07272489476330746,-0.30920849898378217,1.0,10
87,10,0.0007489064412892832,-0.29805335987552206,-0.2973044534342328,1.0304372154530637,0.2546779546738687,0.07128837867626517,-0.30933801615833634,1.0,10
88,10,0.0006706187347520214,-0.29637884323826164,-0.29570822450350964,1.030419005800393,0.2825323201462688,0.07379667982254466,-0.30932034422908355,1.0,10
89,10,0.0006651940140306028,-0.29541863148488234,-0.2947534374708518,1.0302692804127247,0.3093920727850017,0.07327254285931878,-0.3091750283276602,1.0,10
90,10,0.0001173945243623932,-0.2920458942354661,-0.29192849971110374,1.0301118462020236,0.0,0.09775093865461681,-0.30902220785287143,1.0,10
91,10,0.0009029665634919108,-0.3085045093151753,-0.30760154275168344,1.0312151818494464,0.045071083427545046,0.053719227270618,-0.31009271800266897,1.0,10
92,10,0.0007738743262885247,-0.3060783773985258,-0.3053045030722373,1.030892463299883,0.08734854383108114,0.06105812603954811,-0.3097797192579554,1.0,10
93,10,0.0006366699487590887,-0.3032801446704189,-0.3026434747216599,1.0307426628226382,0.12557479702446417,0.08179776462184747,-0.30963439725057357,1.0,10
94,10,0.0006392776792282423,-0.3015080949846822,-0.3008688173054539,1.0305056780698905,0.16035270477133257,0.07123392364319649,-0.3094044543086287,1.0,10
95,10,0.00040727310873116897,-0.29859223726886264,-0.2981849641601315,1.030237486396418,0.19358651021495335,0.08702677885284492,-0.3091441679424177,1.0,10
96,10,0.0004218739335460602,-0.29735933176009666,-0.2969374578265506,1.0301229569776915,0.22527940225696882,0.07845680101554221,-0.3090329937843107,1.0,10
97,10,0.00037575776456133904,-0.2963093028095621,-0.29593354504500075,1.0302803984095148,0.25543114616455725,0.08288306612578199,-0.30918581961981323,1.0,10
98,10,0.0005510014727540538,-0.29577042434785483,-0.2952194228751007,1.030498083390583,0.2840810333316258,0.07388252417499032,-0.30939708442464353,1.0,10
99,10,0.0005504876138398324,-0.29468517336504824,-0.29413468575120844,1.0305764768690693,0.3114789737959564,0.07537921808354926,-0.30947315491722593,1.0,10
100,10,0.00025945265996613553,-0.29246660262481694,-0.29220714996485075,1.0303446104484877,4.440892098500626e-16,0.08991558431927002,-0.3092481424963359,1.0,10
101,10,0.000808260874083653,-0.30755209838623104,-0.30674383751214734,1.0304725975075146,0.048718994045174685,0.05694375881279603,-0.3093723525026356,1.0,10
102,10,0.0006729809401393595,-0.30500924704932214,-0.3043362661091828,1.0304756625896008,0.09253585122821938,0.0643287356413665,-0.3093753269412914,1.0,10
103,10,0.0006730494985628609,-0.30335785790404884,-0.302684808405486,1.0307451673475796,0.1307451240213085,0.07984596579926888,-0.30963682707325235,1.0,10
104,10,0.0008461753974648413,-0.30247529258478145,-0.3016291171873166,1.0308870749618209,0.16495578688366147,0.06262719578591855,-0.3097744923770374,1.0,10
105,10,0.0005793859727009009,-0.2998493549953061,-0.29926996902260516,1.0307035233923116,0.1975798106240794,0.07511585194059112,-0.30959642446176777,1.0,10
106,10,0.0007790796432149335,-0.29952911265196136,-0.2987500330087464,1.0308152818709173,0.22829471830581963,0.06947034263901859,-0.30970484790028285,1.0,10
107,10,0.0007085053047065672,-0.29774356466362134,-0.29703505935891483,1.0308316111064555,0.25696074148418074,0.07381554754005608,-0.309720688862762,1.0,10
108,10,0.0006890791159005959,-0.2972360803811327,-0.29654700126523215,1.0308446607359107,0.2841256482640865,0.07459806997386854,-0.30973334810479114,1.0,10
109,10,0.000803292073104636,-0.29684252084557716,-0.2960392287724725,1.0310989105384776,0.31052340253673827,0.07170952414624049,-0.30997995990095994,1.0,10
110,10,0.0007425548323078708,-0.2960705302926112,-0.29532797546030337,1.0311472513115851,2.220446049250313e-16,0.07422987735795418,-0.3100268415720334,1.0,10
111,10,0.0009043155777363567,-0.307942922050601,-0.30703860647286463,1.0306705936185305,0.04595572412426223,0.055281342991638505,-0.3095644751193242,1.0,10
112,10,0.0010645108338173468,-0.30605698778151075,-0.3049924769476934,1.0303460152966513,0.08692836728603957,0.053862764888699406,-0.30924950596947975,1.0,10
113,10,0.000806114326323437,-0.30311336038167436,-0.302307246055351,1.0298849573281887,0.12444492400814515,0.062093789236452375,-0.30880192705013954,1.0,10
114,10,0.0006111758813723126,-0.30089084708635794,-0.3002796712049856,1.0297564610197292,0.16024583815855453,0.07356219062695915,-0.30867715163294157,1.0,10
115,10,0.0006420984041352606,-0.3001230220716419,-0.2994809236675066,1.0301738558049005,0.19363921369932807,0.07144136100696076,-0.30908240300234435,1.0,10
116,10,0.0007176599976838566,-0.29932029375560937,-0.2986026337579255,1.030674981905406,0.22459508616026036,0.06993678466223921,-0.30956873281092867,1.0,10
117,10,0.0006288025562498492,-0.29780972329353955,-0.2971809207372897,1.030698730439416,0.2538447634111078,0.07177265813435778,-0.3095917742748504,1.0,10
118,10,0.0004588323758083515,-0.29583758974735636,-0.295378757371548,1.0304073018360387,0.2822365550984949,0.0803551320181602,-0.30930898571302406,1.0,10
119,10,0.0005413161408611998,-0.2943210014939295,-0.29377968535306825,1.0299292111723226,0.3095761445433493,0.07952809458222848,-0.3088448958235536,1.0,10
120,10,0.00016992505047321976,-0.292038759884471,-0.2918688348339978,1.0297424928745096,0.0,0.09800325243263602,-0.3086635870276347,1.0,10
121,10,0.0010257506403946973,-0.3066948394779743,-0.30566908883757965,1.0291687164903898,0.04652386002582649,0.05346862749652426,-0.3081062279765366,1.0,10
122,10,0.0009229078003570882,-0.30453517229092325,-0.30361226449056616,1.029055010738858,0.08851133481217846,0.05948904737287599,-0.30799573877155545,1.0,10
123,10,0.0007956968550976469,-0.3022230117868735,-0.3014273149317759,1.0290819065131884,0.12703658320969122,0.06670400876299992,-0.3080218748114917,1.0,10
124,10,0.0006584498049933572,-0.3003219719363988,-0.29966352213140546,1.0291763122611468,0.16257628945633826,0.07561204037393496,-0.30811360844059943,1.0,10
125,10,0.0008165219648770328,-0.2997723904907922,-0.29895586852591516,1.0295061293156977,0.19528162083038522,0.06729560527709989,-0.30843402411104165,1.0,10
126,10,0.0006186023199961899,-0.2978368447787893,-0.29721824245879314,1.0296306287486765,0.2260364055878919,0.0822200049545208,-0.30855494802019234,1.0,10
127,10,0.0007715544005461218,-0.29708150941416733,-0.29630995501362123,1.029545386459042,0.25506207980776296,0.06996579747609295,-0.3084721553992084,1.0,10
0,10,-1.628615993475484e-05,-0.2818776308846694,-0.2818939170446041,1.001095538518286,0.0,0.0954670864434664,-0.28399850851709707,0.5,10
1,10,0.0004241574276086478,-0.2859859702238825,-0.2855618127962738,1.0027866569437816,0.03749740942143177,0.08392460026610414,-0.28737419363630895,0.5,10
2,10,9.339454356334088e-05,-0.28467364273408247,-0.28458024819051914,1.003912862103545,0.0716652786838299,0.09299935588268017,-0.2896190843482748,0.5,10
3,10,0.00036532856104841557,-0.2856009656614048,-0.28523563710035643,1.0050756288691007,0.10168350189934484,0.08514165716541444,-0.29193421338085757,0.5,10
4,10,0.00022180833893514266,-0.2852161467569279,-0.2849943384179927,1.0061062492207784,0.12836916405051452,0.09093624606466455,-0.2939839940657756,0.5,10
5,10,0.0003750989634415114,-0.2858513365395419,-0.2854762375761004,1.007014773656308,0.1526129843374062,0.08683578989255314,-0.2957891999861068,0.5,10
6,10,6.085102876465074e-05,-0.28442323873534114,-0.2843623877065765,1.0076439805721318,0.17499409374402358,0.10343516334616966,-0.2970384575786612,0.5,10
7,10,7.242793298440356e-05,-0.28399007139713256,-0.2839176434641482,1.008099552873134,0.19593924772245797,0.09737836823883955,-0.2979424858961532,0.5,10
8,10,3.0035046937786404e-05,-0.28397477325146053,-0.2839447382045228,1.0085103165288427,0.21581190914181864,0.09627174375891424,-0.29875724668379383,0.5,10
9,10,-0.0002658014295052526,-0.2827631966593927,-0.283028998088898,1.0089659664975918,0.23498675826549575,0.12307596377358916,-0.2996606525484973,0.5,10
10,10,-0.00015041332051845874,-0.28318596354960746,-0.2833363768701259,1.0094626488645715,0.0,0.1045980111953537,-0.3006449477040939,0.5,10
11,10,0.0010183333041737918,-0.3012683166897877,-0.3002499833856139,1.0098267853459284,0.027980135198224045,0.060621195374123284,-0.3013662637851566,0.5,10
12,10,0.0009903881782271345,-0.3001445215486332,-0.299154133370406,1.0101675331612154,0.05316795324694506,0.06198846281896776,-0.3020410138384554,0.5,10
13,10,0.0009743436783332073,-0.29956527448433856,-0.2985909308060054,1.0104550025889276,0.07662079533092431,0.0644903440839881,-0.30261008485407676,0.5,10
14,10,0.0008405377164991977,-0.2986920213466133,-0.2978514836301141,1.0108101052612897,0.0984882536565968,0.07281817796671998,-0.3033128183542719,0.5,10
15,10,0.0008591156781846565,-0.2984396982132187,-0.29758058253503405,1.0111619694969183,0.11895516356235787,0.06968740830407609,-0.3040088996574175,0.5,10
16,10,0.000834758076164686,-0.29804356872588356,-0.2972088106497189,1.0114738411784696,0.13828619529393923,0.06780029657265267,-0.30462566256130114,0.5,10
17,10,0.0007506658827527351,-0.29657835476223227,-0.2958276888794795,1.0116009338891403,0.15688413917368635,0.0727346072255064,-0.3048769487963016,0.5,10
18,10,0.0005528925474745039,-0.29505799645059433,-0.29450510390311985,1.011612782679352,0.17503250376960908,0.08152543303601029,-0.3049003744781559,0.5,10
19,10,0.0007133813533789844,-0.29524981394860333,-0.2945364325952244,1.0117656754195554,0.19257004198550468,0.07307054893167307,-0.3052026268618018,0.5,10
20,10,0.0005765225554238971,-0.2938535001759458,-0.29327697762052185,1.0118559700825716,2.220446049250313e-16,0.07952676736080119,-0.3053811081767787,0.5,10
21,10,0.001114404331314645,-0.30661429169212495,-0.3054998873608103,1.012563259375792,0.023899886932132706,0.051271440945290965,-0.3067786236947245,0.5,10
22,10,0.0010561655621652438,-0.3050947151256016,-0.3040385495634363,1.0124460400134208,0.04693940389028477,0.05436792583550193,-0.30654708033828154,0.5,10
23,10,0.0010965099130516944,-0.30505376238827725,-0.30395725247522554,1.0126095307664713,0.06852862754871923,0.053500562154156474,-0.3068700161742452,0.5,10
24,10,0.0009516992982135042,-0.30322120834007754,-0.30226950904186406,1.012709038005245,0.08916378839980849,0.05918175714605861,-0.3070665427659393,0.5,10
25,10,0.0008693396874975522,-0.3019460779060687,-0.30107673821857117,1.012602783428493,0.10942346496260531,0.06237061419079533,-0.30685668949648204,0.5,10
26,10,0.0008676997120366638,-0.3011033939323602,-0.30023569422032353,1.0126373490568896,0.12879910948789386,0.06274989817538996,-0.3069249591852868,0.5,10
27,10,0.0006996281199061566,-0.2990409708459714,-0.2983413427260653,1.012561179831918,0.1475013533172282,0.0718909477564342,-0.30677451620614976,0.5,10
28,10,0.000652787184739789,-0.2981897995143099,-0.2975370123295701,1.0125461827281887,0.16553057408192096,0.07598299814394396,-0.3067448938680815,0.5,10
29,10,0.0005867862305476107,-0.2970897913556525,-0.2965030051251049,1.0126324782485936,0.18257512815394744,0.09344948861928305,-0.3069153391174214,0.5,10
30,10,0.0006359112937718784,-0.2967238745377211,-0.29608796324394915,1.012604115086036,0.0,0.07396672139858938,-0.30685931966240537,0.5,10
31,10,0.0009306078126031908,-0.30734738633071235,-0.30641677851810917,1.0127577732516748,0.026022881779351706,0.05442350106866726,-0.30716278773261707,0.5,10
32,10,0.0008646643224129772,-0.3062107510163789,-0.3053460866939659,1.01313376971941,0.04916568911420545,0.06389263536494484,-0.30790516996597384,0.5,10
33,10,0.0009160259641601268,-0.3055061799403531,-0.30459015397619293,1.0132796183710384,0.07024650990051608,0.05930329777398771,-0.30819306512643313,0.5,10
34,10,0.0008234396419472244,-0.30414675892242665,-0.30332331928047945,1.0133016290283876,0.09028858357147022,0.06542687874883127,-0.3082365090443679,0.5,10
35,10,0.0008690333533600605,-0.30312191357489676,-0.30225288022153673,1.0132456995044439,0.10944919862865593,0.062008897717623426,-0.30812611532561196,0.5,10
36,10,0.0008362973419969379,-0.3023669452546039,-0.3015306479126069,1.0132347612250878,0.12777880172536416,0.06287451729625185,-0.30810452463264815,0.5,10
37,10,0.0007418541565498958,-0.3012276993735243,-0.3004858452169744,1.013275597493832,0.1455751730710449,0.06587922418278781,-0.3081851287481396,0.5,10
38,10,0.0006708180479034083,-0.299485595209865,-0.2988147771619616,1.0131524437758017,0.16308534966707822,0.07048212281118449,-0.30794203357639177,0.5,10
39,10,0.0005767079369653384,-0.29893194882727336,-0.29835524089030807,1.0131778352507474,0.18006233229077367,0.07422809079289974,-0.30799215664904167,0.5,10
40,10,0.0005232791380585561,-0.2981415831148009,-0.2976183039767423,1.013340850199653,0.0,0.08536258362492607,-0.30831392017469295,0.5,10
41,10,0.0008712420566992503,-0.3081272080946712,-0.30725596603797195,1.0135134466642632,0.02471085013643939,0.05467354080300238,-0.30865453955773287,0.5,10
42,10,0.0007663172129428862,-0.30655960980625657,-0.3057932925933137,1.0134399794630273,0.04833740085345302,0.06913654273286823,-0.3085095590163527,0.5,10
43,10,0.0008092686057376941,-0.30564100139423983,-0.3048317327885021,1.0134958028062486,0.06995006124433736,0.06746611424474513,-0.3086197220392246,0.5,10
44,10,0.000894975412375501,-0.30471801511667446,-0.3038230397042989,1.0134658077870302,0.08982521755801388,0.05931084840992528,-0.30856052995770933,0.5,10
45,10,0.0007530391651185843,-0.30320446873076856,-0.30245142956565,1.0133665007312285,0.10907738403807253,0.06688513098306242,-0.30836454520758705,0.5,10
46,10,0.0008912513848216072,-0.30305759784838787,-0.3021663464635662,1.0134301306838938,0.1274730094416986,0.0605340168467787,-0.3084901225875766,0.5,10
47,10,0.0007552339761051021,-0.3016340145597695,-0.3008787805836644,1.0134610919275029,0.14505577926176597,0.07122779061802055,-0.30855122353520736,0.5,10
48,10,0.0006647563186687704,-0.3007304424543512,-0.3000656861356824,1.0134923687268815,0.16195913961772201,0.07468649320900883,-0.30861294532603917,0.5,10
49,10,0.0006525946527249549,-0.30005278669235574,-0.29940019203963086,1.0135591457703408,0.17819610922576623,0.07278788593235641,-0.30874471709997947,0.5,10
50,10,0.0006902742531250546,-0.29968490894541594,-0.29899463469229093,1.0136596312034738,2.220446049250313e-16,0.07564074360554375,-0.3089429895989449,0.5,10
51,10,0.0009433445060761832,-0.30929953718519054,-0.30835619267911435,1.013854592206842,0.02381614248845544,0.05223040421321178,-0.3093276202007293,0.5,10
52,10,0.0008681820479381926,-0.3076251290713798,-0.30675694702344164,1.0138597040426074,0.04599423327245712,0.05714784829795068,-0.3093377041376525,0.5,10
53,10,0.000921451504984902,-0.3066226597335434,-0.3057012082285585,1.0137610489472857,0.06670107834037922,0.05771638949975186,-0.3091430817552291,0.5,10
54,10,0.0009971095406407144,-0.30576715806449445,-0.30477004852385375,1.0137140213016238,0.08581092937484758,0.05638170928103828,-0.30905030104219267,0.5,10
55,10,0.0010185920419767164,-0.3045197905709887,-0.303501198529012,1.0135637156914719,0.10393914014502993,0.056996530236412636,-0.30875373465134326,0.5,10
56,10,0.0009702206285419837,-0.3035148772779299,-0.3025446566493879,1.0134312956076135,0.12166078984400419,0.05884715213959967,-0.3084924215582007,0.5,10
57,10,0.0008122773138333038,-0.3020425792794079,-0.30123030196557454,1.0133542482162337,0.13927868806264979,0.06420976166662618,-0.30834036325750536,0.5,10
58,10,0.0007963239555291391,-0.30082745904548547,-0.30003113508995627,1.0132573819874209,0.15673202989776525,0.06552391609513486,-0.30814917471907416,0.5,10
59,10,0.0007958979425789245,-0.30054698820535786,-0.2997510902627789,1.013327909307283,0.17362918542647202,0.06557227256238275,-0.30828837896612654,0.5,10
60,10,0.0007849654969377012,-0.2998624457094693,-0.29907748021253155,1.0134324904696463,2.220446049250313e-16,0.06740704502845243,-0.3084947796091777,0.5,10
61,10,0.0009467223612977605,-0.3087301507757155,-0.30778342841441775,1.0136322392668076,0.024335436518445157,0.051809663807235305,-0.3088889432387401,0.5,10
62,10,0.0009086646178617891,-0.3072694053108049,-0.30636074069294317,1.0136266902667042,0.04689619387348512,0.05680638265834441,-0.3088779944644665,0.5,10
63,10,0.0008385639824905156,-0.3060171246522368,-0.3051785606697463,1.0135740511681186,0.06827676561546735,0.06045317753540409,-0.3087741288777559,0.5,10
64,10,0.0007340339094270151,-0.30440963120307235,-0.30367559729364535,1.0135136088600885,0.08866676009084049,0.06413041571880256,-0.30865485962415645,0.5,10
65,10,0.0008588613171506235,-0.30429156784023653,-0.3034327065230859,1.0135873366659112,0.10775600679682171,0.0608279867341057,-0.3088003438557493,0.5,10
66,10,0.0008632562664383765,-0.30350111172679733,-0.302637855460359,1.0137020782435793,0.12567879096562823,0.06096394753574794,-0.3090267379304122,0.5,10
67,10,0.0008479206072492415,-0.30320281457775233,-0.30235489397050314,1.0138245778826258,0.142851875365929,0.064891819034928,-0.3092684109832926,0.5,10
68,10,0.0007674961247402646,-0.3022345856483344,-0.30146708952359413,1.0139633102780834,0.1594034225249245,0.06619554279104749,-0.3095420735226225,0.5,10
69,10,0.0005748665397262851,-0.30054537725983893,-0.29997051072011266,1.0138784949023711,0.17576130352987612,0.07466017293191944,-0.3093747717626034,0.5,10
70,10,0.0006872633276214495,-0.2999003175104579,-0.2992130541828364,1.0137805879229704,0.0,0.06960859099163266,-0.30918162888112766,0.5,10
71,10,0.0009387649787922507,-0.3090359953101728,-0.3080972303313805,1.0138767249135057,0.024062120526852283,0.05165012966186357,-0.30937128023887656,0.5,10
72,10,0.0008793361255826418,-0.30765644487631205,-0.30677710875072933,1.0137989330068848,0.04664170603181853,0.05513430503190507,-0.30921781998234066,0.5,10
73,10,0.0007764936398739592,-0.3056651205522211,-0.3048886269123472,1.0136123749044466,0.06844218032452518,0.06073155377573633,-0.3088497484376336,0.5,10
74,10,0.0008234386996303858,-0.3047074806268194,-0.30388404192718904,1.013490842265639,0.08926268940129006,0.060831176276147265,-0.3086099330440735,0.5,10
75,10,0.0006547541387541168,-0.30327550318649,-0.3026207490477359,1.013501272662431,0.10913251030781115,0.06897638161901959,-0.3086305160482505,0.5,10
76,10,0.0006769919717695879,-0.3024570372521265,-0.3017800452803569,1.0135716059964743,0.1280691126403414,0.06810935932402852,-0.30876930402141517,0.5,10
77,10,0.0007783330552301326,-0.30223397511074956,-0.3014556420555194,1.0136684418031352,0.14578835361441098,0.06401581285211225,-0.30896037326719034,0.5,10
78,10,0.0008590665373574702,-0.30185206444173357,-0.30099299790437617,1.0137347388464208,0.16250342033454826,0.06253212041670918,-0.3090911751598618,0.5,10
79,10,0.0007010242376665036,-0.300010736145279,-0.2993097119076125,1.0136177419909143,0.1787853494087676,0.07186033941974873,-0.3088603384272416,0.5,10
80,10,0.0007589881935574853,-0.29966243179574775,-0.29890344360219034,1.0135344126246217,0.0,0.06963931944897962,-0.30869591196098,0.5,10
81,10,0.0009169693527373898,-0.3090733056475661,-0.3081563362948287,1.0137994968037474,0.0244028255879286,0.053373475206885894,-0.3092189322279494,0.5,10
82,10,0.0009214619734523005,-0.30813817491431855,-0.3072167129408662,1.0139353139307812,0.046790281467442546,0.05373792998910051,-0.3094868511422333,0.5,10
83,10,0.0008879050492504373,-0.30679257562635537,-0.3059046705771049,1.0139230395839074,0.06792999165604963,0.05591476737110775,-0.30946263969402715,0.5,10
84,10,0.0007415263634286436,-0.30533110880707326,-0.30458958244364465,1.0138838806011872,0.0884306000394314,0.06414327443010273,-0.3093853956875385,0.5,10
85,10,0.000813093230220583,-0.30434109706223617,-0.3035280038320156,1.013851499863666,0.10798409349676213,0.06182692396690486,-0.3093215200204552,0.5,10
86,10,0.0006700819653384121,-0.3030292469914373,-0.3023591650260989,1.0138267565690138,0.1266249127865196,0.07254874925212583,-0.30927270893403164,0.5,10
87,10,0.0007034961982804607,-0.3026571570761459,-0.3019536608778654,1.013913107208928,0.14433331545537428,0.06709165496076083,-0.3094430476278826,0.5,10
88,10,0.0006629854376971379,-0.3010809091410151,-0.30041792370331794,1.013853407007717,0.1613958879451226,0.06856665322405188,-0.30932528219323374,0.5,10
89,10,0.0005371593856750935,-0.29980375191447495,-0.2992665925287999,1.013725312727394,0.17813688029221245,0.07420391844570903,-0.3090725782577532,0.5,10
90,10,0.0005723096352450433,-0.2994446160884661,-0.29887230645322105,1.013765626473973,2.220446049250313e-16,0.07080046221817657,-0.309152112515204,0.5,10
91,10,0.0007334002581136959,-0.30792739446551587,-0.3071939942074022,1.0134606921205023,0.02652850846451315,0.059192216230974856,-0.3085504345417611,0.5,10
92,10,0.0008230457469912295,-0.3074593423598401,-0.3066362966128489,1.013684661002805,0.04970567874780985,0.05636413625549392,-0.30899237400677054,0.5,10
93,10,0.0007390478121578544,-0.305989596691913,-0.30525054887975506,1.0137701954974057,0.07105864713661043,0.06263526276328191,-0.30916112645889493,0.5,10
94,10,0.0006139296238891022,-0.3044163825064096,-0.30380245288252056,1.0137136727712466,0.0914556710238224,0.06744788813399752,-0.30904961341149995,0.5,10
95,10,0.00035209154909674714,-0.30268386708394945,-0.30233177553485274,1.0137655784843695,0.11091824752113409,0.0915200907412807,-0.30915201783926843,0.5,10
96,10,0.0006693828398797083,-0.30325595551366835,-0.30258657267378863,1.0139340454983288,0.128892692377346,0.07006900445851791,-0.30948434914190204,0.5,10
97,10,0.000875445852099083,-0.30303479601918504,-0.30215935016708595,1.0139530778260448,0.14576251615774255,0.060566400830891425,-0.30952189033933375,0.5,10
98,10,0.0006596671183378335,-0.3011752004625993,-0.3005155333442615,1.0138248159415602,0.1622514630289305,0.07287861818249684,-0.30926888060873164,0.5,10
99,10,0.0007456722988583836,-0.3004819499399324,-0.29973627764107397,1.0136954923720591,0.17844405185371084,0.0664856551484209,-0.30901374418588823,0.5,10
100,10,0.0007686976459754997,-0.3003842526078438,-0.2996155549618683,1.0137392636526428,2.220446049250313e-16,0.06579711161695151,-0.3091001021423366,0.5,10
101,10,0.0009292826602804591,-0.3090971599204201,-0.3081678772601396,1.01388576336601,0.023948047347318643,0.05140327113515119,-0.30938910964948446,0.5,10
102,10,0.0008341044822924244,-0.3076394279275902,-0.3068053234452977,1.0138348880942678,0.04684465531931561,0.05712291791773452,-0.30928875012172347,0.5,10
103,10,0.0009408979391739119,-0.30732464202952386,-0.30638374409034996,1.0139482540916829,0.0680088339052601,0.054180544953926726,-0.30951237560745654,0.5,10
104,10,0.0008753704121191717,-0.3055889229094097,-0.30471355249729054,1.013914790665742,0.08771651838987915,0.059204672954843024,-0.3094463683373296,0.5,10
105,10,0.0007492988038492664,-0.3044425215340365,-0.30369322273018723,1.0138114406863765,0.10677338036014034,0.06485952557313476,-0.3092424947022066,0.5,10
106,10,0.0008027983963688488,-0.3036331636625658,-0.30283036526619694,1.0138760362760335,0.12498313820206748,0.0649394695694003,-0.3093699218139539,0.5,10
107,10,0.000770333498638216,-0.302526632967329,-0.30175629946869076,1.0138459366025177,0.14225472579166568,0.06940880654327797,-0.3093105454814574,0.5,10
108,10,0.0009184443669029007,-0.30263816323272247,-0.3017197188658196,1.0138617203544733,0.15869048131711594,0.062319935624214846,-0.30934168163050085,0.5,10
109,10,0.0007293820999555656,-0.300999277482853,-0.30026989538289744,1.0138479302337902,0.17466254873243187,0.07988086156307729,-0.30931447828670977,0.5,10
110,10,0.0007895225046940715,-0.30031414505230225,-0.2995246225476082,1.0137588676611926,0.0,0.06721579625524451,-0.3091387783970719,0.5,10
111,10,0.0009554881311344905,-0.3087240662638519,-0.30776857813271746,1.0137860183222098,0.024307419668202733,0.05321671138546958,-0.3091923420172048,0.5,10
112,10,0.0007775592870061468,-0.30617507695083124,-0.30539751766382506,1.0134800606296515,0.047935084920999876,0.06908498313979629,-0.3085886566932941,0.5,10
113,10,0.000764688520889408,-0.3047122002752874,-0.303947511754398,1.0132400138790234,0.070129036868485,0.06462063036634838,-0.3081148926944672,0.5,10
114,10,0.0006851391577791677,-0.3033698823647197,-0.30268474320694055,1.013173717225652,0.09103697126361308,0.06957113716968305,-0.3079840277040116,0.5,10
115,10,0.0007029073152973673,-0.30322338755418016,-0.30252048023888284,1.0133762244240434,0.11055746594700978,0.06971887066269528,-0.30838373598635554,0.5,10
116,10,0.0008033005563676743,-0.30299917855199476,-0.3021958779956271,1.0136477236645318,0.12869546510422394,0.0641042891024817,-0.30891949530457785,0.5,10
117,10,0.0008020104566368241,-0.30207597110137824,-0.30127396064474143,1.0136783828716307,0.14600468310227,0.06705198978287998,-0.3089799872145913,0.5,10
118,10,0.0005906745196697798,-0.3009369095101837,-0.3003462349905139,1.0137046880167417,0.16282050896349945,0.07842120050007041,-0.309031886918185,0.5,10
119,10,0.0007615680376641717,-0.30143665352321997,-0.30067508548555577,1.0139352172419982,0.1788281837536534,0.06563545222507591,-0.309486660422399,0.5,10
120,10,0.0008008472128570118,-0.30083574611040353,-0.30003489889754653,1.0140447052309438,2.220446049250313e-16,0.068962054355659,-0.3097026152015139,0.5,10
121,10,0.0010112485049453706,-0.30933898346332994,-0.30832773495838456,1.0139177915581818,0.0229393413216336,0.05064878522086878,-0.3094522877459941,0.5,10
122,10,0.0008910325192786229,-0.30705194434374344,-0.30616091182446487,1.0137006126810426,0.04536759327933461,0.06467101941380662,-0.3090238464228817,0.5,10
123,10,0.0009603494047514166,-0.30618637793018283,-0.3052260285254314,1.0135163688918314,0.06629511371088113,0.05701032997059922,-0.30866030607886674,0.5,10
124,10,0.0008865993572210096,-0.30532034178722345,-0.30443374243000243,1.013562938133453,0.08623919307134449,0.06011950497947607,-0.3087522003455951,0.5,10
125,10,0.0006708163967639804,-0.30345818714044154,-0.30278737074367756,1.0135822418510878,0.10571554574217994,0.08847402091731967,-0.3087902907948159,0.5,10
126,10,0.0008014394581439912,-0.30263062709673816,-0.3018291876385941,1.0135058903082226,0.12427788964185119,0.06778582963280726,-0.3086396282919084,0.5,10
127,10,0.0008232891058049043,-0.30180469500306106,-0.3009814058972562,1.0134364624957852,0.14205757196316293,0.06931441663639458,-0.308502618352048,0.5,10
128,10,0.0009201303152896115,-0.30141061080423653,-0.30049048048894694,1.0134737812173125,0.15915562376727665,0.06304133481918506,-0.3085762648722081,0.5,10
129,10,0.0009553085697905851,-0.3008336920032743,-0.2998783834334837,1.0134738730374808,0.1757552866065424,0.0625817843804545,-0.3085764460711024,0.5,10
130,10,0.0009579926292369671,-0.2998800157603959,-0.29892202313115895,1.0133767801454423,0.0,0.06240988886611839,-0.3083848327581821,0.5,10
131,10,0.0010231355523081006,-0.30732800166626884,-0.30630486611396074,1.0129735795741261,0.024068506962249502,0.052988066543354556,-0.3075889179259747,0.5,10
132,10,0.000933321589340108,-0.3059899851732779,-0.30505666358393785,1.012960087958885,0.04754842270806173,0.05990940808994146,-0.3075622801037051,0.5,10
133,10,0.0009326223017545898,-0.30518892534656816,-0.30425630304481355,1.013075059921255,0.06934979561488433,0.058783990945715604,-0.3077892691815874,0.5,10
134,10,0.0009436416109962356,-0.30417456337612997,-0.3032309217651337,1.0131431196173617,0.0897370803043166,0.058847465208187226,-0.3079236272617184,0.5,10
135,10,0.0008603815259736786,-0.3028743847372496,-0.3020140032112759,1.0130889053013359,0.10937776063433571,0.06218132040274369,-0.3078166023694611,0.5,10
136,10,0.0006987420226483698,-0.3009745620906061,-0.3002758200679577,1.012974636549418,0.12864061593025508,0.06946292973747004,-0.30759100480121404,0.5,10
137,10,0.0006457874785846526,-0.3004272242358077,-0.299781436757223,1.0130417277710324,0.147285310657616,0.07138756044774952,-0.30772346418865104,0.5,10
138,10,0.0008545873123324078,-0.30071477822614945,-0.29986019091381705,1.013287117610624,0.16486788785595494,0.06478124976666672,-0.3082078669870428,0.5,10
139,10,0.0008774967217067711,-0.2995903571296536,-0.29871286040794687,1.0132948345380712,0.1815904488011966,0.0652075596891468,-0.3082230984015713,0.5,10
140,10,0.0006366573092358674,-0.2975496102510255,-0.29691295294178965,1.013100117746131,0.0,0.07860385961216634,-0.30783873741148876,0.5,10
141,10,0.0009267453336247557,-0.30833051782928717,-0.30740377249566236,1.0135724659940855,0.023847842586102747,0.0532201139838304,-0.3087710009853815,0.5,10
142,10,0.0009871603709120835,-0.30740117879361994,-0.3064140184227079,1.0135240594090018,0.04643433237513114,0.053193687437052876,-0.30867548193241834,0.5,10
143,10,0.0009018742004776591,-0.3058430789428038,-0.30494120474232617,1.013467744360632,0.06757074406570533,0.05804714591746481,-0.3085643516391835,0.5,10
144,10,0.0008495959060950896,-0.30507245085219736,-0.30422285494610224,1.0134852398810434,0.08777029412438579,0.06089547130814741,-0.30859887739394537,0.5,10
145,10,0.0007481484078347275,-0.3038006694700799,-0.3030525210622452,1.0135649387580776,0.10706915240424315,0.06444133295600754,-0.3087561480484465,0.5,10
146,10,0.0007317006946368812,-0.30220173441382114,-0.3014700337191843,1.01345077208935,0.12574989242918186,0.06760345356617337,-0.30853085789753654,0.5,10
147,10,0.0008044369487952185,-0.30169952024723695,-0.30089508329844167,1.0133908893403767,0.143671047641333,0.0660047800282261,-0.30841267846570375,0.5,10
148,10,0.0007256391190728195,-0.30070716996769065,-0.2999815308486179,1.0134301669555017,0.16089429961832308,0.06812200370791527,-0.3084901941694368,0.5,10
149,10,0.0006892152577709627,-0.2998309073030471,-0.2991416920452762,1.013480548109682,0.17757473290941447,0.07297128568470845,-0.30858961868540835,0.5,10
150,10,0.0006560072046553206,-0.2990556064790238,-0.2983995992743685,1.013476624395043,2.220446049250313e-16,0.073978084733852,-0.3085818756216832,0.5,10
151,10,0.0010998901064971636,-0.3088891013371518,-0.30778921123065467,1.0136299957156238,0.022795951321971184,0.049296374566629976,-0.3088845164780682,0.5,10
152,10,0.0011203286740439058,-0.30805469157730575,-0.3069343629032619,1.013645079252585,0.04403408986433546,0.04913994625111092,-0.308914277682451,0.5,10
153,10,0.001133514785540638,-0.3071151818732709,-0.3059816670877303,1.0136479942628154,0.06403189102916546,0.04986138087695563,-0.30892002921441925,0.5,10
154,10,0.0010442655217245635,-0.30592992009044945,-0.3048856545687249,1.0136039113619646,0.08337237112744036,0.05367632414902301,-0.30883304860636485,0.5,10
155,10,0.0009875569194822287,-0.30475876559481235,-0.30377120867533014,1.013549507707297,0.10216214468487515,0.05937430305498814,-0.30872569875475714,0.5,10
156,10,0.0009763380670330199,-0.3039554838860818,-0.3029791458190488,1.013528258340496,0.12025271966381557,0.05702229384475569,-0.3086837677205216,0.5,10
157,10,0.000954317785591763,-0.30332220008120553,-0.30236788229561373,1.0135764469720077,0.1377048910245213,0.05892373765334498,-0.308778856309472,0.5,10
158,10,0.0009047180195724212,-0.3016243274799654,-0.300719609460393,1.013459517808835,0.1546326565523401,0.06287835849631622,-0.3085481171112851,0.5,10
159,10,0.000952579377989429,-0.30124165172128775,-0.30028907234329827,1.013335009941456,0.17092714126112246,0.06233107336118046,-0.30830239340159293,0.5,10
160,10,0.0006812274982533106,-0.29887439715006586,-0.2981931696518126,1.0132181780868514,0.0,0.07657621196651423,-0.3080717913025724,0.5,10
161,10,0.0011339701569053127,-0.3079364921489144,-0.306802521992009,1.013026807012063,0.02348282235042848,0.04955676339362351,-0.30769400662842905,0.5,10
162,10,0.0011112173359673328,-0.306679443462596,-0.3055682261266287,1.0130968024502556,0.045526792450395245,0.052111040179786246,-0.30783219254738015,0.5,10
163,10,0.0009749806442639731,-0.3056305787506709,-0.3046555981064069,1.013106186915089,0.0666440168031118,0.05651324500699604,-0.3078507187560231,0.5,10
164,10,0.0009665377537947554,-0.30499275632909567,-0.30402621857530093,1.0132661576871715,0.08678785088308189,0.05957721947136535,-0.30816649640239896,0.5,10
165,10,0.0009507347986577211,-0.3033582424716292,-0.3024075076729715,1.0132131362948196,0.10597270787544788,0.06045530084029941,-0.30806183924153574,0.5,10
166,10,0.0009046915508237371,-0.30216091243637694,-0.3012562208855532,1.0130248445465648,0.12475493362891724,0.06143175094747557,-0.3076901321655119,0.5,10
167,10,0.0007813096896360281,-0.30090796926533586,-0.3001266595756998,1.0130027478831973,0.14325813959739153,0.0662432775954842,-0.30764650657334147,0.5,10
168,10,0.0006961963756091983,-0.2994476589648107,-0.2987514625892015,1.0129682552657646,0.16138666254933143,0.06865539546398544,-0.3075784056629486,0.5,10
169,10,0.0007336870112650099,-0.29947074854629563,-0.2987370615350306,1.0130960050023337,0.17882858002021426,0.06828988941943287,-0.3078306182689226,0.5,10
170,10,0.000706935472065637,-0.2986895185764751,-0.29798258310440945,1.0132805669908809,4.440892098500626e-16,0.07087946901184736,-0.3081949375008124,0.5,10
171,10,0.0007009472888223526,-0.3066653893542886,-0.3059644420654662,1.0130613601089529,0.02644196302500691,0.06999796401208058,-0.3077622230021357,0.5,10
172,10,0.0007035103015747405,-0.30602459179676655,-0.30532108149519177,1.013188753805838,0.050288513115653695,0.06537183692144888,-0.3080137096200575,0.5,10
173,10,0.000928658229230356,-0.30635121534900517,-0.3054225571197748,1.0135523914637505,0.07136549014846855,0.05757450884665118,-0.3087313891573054,0.5,10
174,10,0.0008919841097522996,-0.30558702065106036,-0.3046950365413081,1.0137907156896457,0.09057279328546425,0.05819121611868021,-0.3092016089758495,0.5,10
175,10,0.0008861462045405714,-0.30470285948746195,-0.30381671328292137,1.0138273115106986,0.10876137200561375,0.05950486165773332,-0.30927380368030727,0.5,10
176,10,0.0008491728767541833,-0.3037450645184044,-0.3028958916416502,1.0138084618888012,0.12632696993283876,0.060010706767889783,-0.3092366182604303,0.5,10
177,10,0.0009204378790574008,-0.3037306751259408,-0.3028102372468834,1.0139202512066101,0.14321930039337738,0.05877676859812065,-0.3094571395110297,0.5,10
178,10,0.0008459386974007089,-0.302433479497391,-0.3015875407999903,1.0139568516166433,0.15944065092588774,0.0627464749433419,-0.3095293340438959,0.5,10
179,10,0.0008391938676486013,-0.30129769205180046,-0.3004584981841518,1.0138114470369086,0.1753342880200809,0.06331361886646507,-0.30924250723023994,0.5,10
180,10,0.0007611324263605846,-0.3002511438211614,-0.29949001139480086,1.013680626070897,0.0,0.06631849436541518,-0.3089844130696198,0.5,10
181,10,0.000981666002603603,-0.30995591093437863,-0.30897424493177506,1.0141796876226858,0.022677206771444306,0.04885701492076661,-0.30996882320575025,0.5,10
182,10,0.0009523963214522684,-0.3084801758139214,-0.3075277794924691,1.0141170995984639,0.044377037037659293,0.05233910727922371,-0.30984539348947565,0.5,10
183,10,0.0009572411896843058,-0.307300058209986,-0.3063428170203017,1.0139799935197356,0.06500149129472424,0.05370133486450793,-0.30957498024466124,0.5,10
184,10,0.0008018409511261892,-0.3052659450330905,-0.30446410408196434,1.0137769867505615,0.08504915400807109,0.06149452467151808,-0.3091745244270707,0.5,10
185,10,0.000851806557546364,-0.30415902570522774,-0.3033072191476814,1.013596467634695,0.10445658116627558,0.060504162544068305,-0.3088183609073143,0.5,10
186,10,0.0008831799611827666,-0.30348302854243175,-0.302599848581249,1.0135766043925287,0.12284919004569839,0.06079159229098995,-0.3087791669333198,0.5,10
187,10,0.000787737229474277,-0.3024426191230633,-0.301654881893589,1.0136479686337738,0.14045666555376934,0.06604100957770322,-0.30891997864648496,0.5,10
188,10,0.0009436226454322149,-0.3029114576476814,-0.3019678350022492,1.0138343698168262,0.15716520824448796,0.059337194444142094,-0.3092877277115053,0.5,10
189,10,0.0008434357233553081,-0.30163957102162264,-0.3007961352982674,1.0138767942593168,0.17319692850636836,0.06359513923092715,-0.30937141703224963,0.5,10
190,10,0.000575948269664476,-0.2991684374482362,-0.29859248917857173,1.0136078096001475,2.220446049250313e-16,0.07466834750361598,-0.3088407404288661,0.5,10
191,10,0.0009454854954060556,-0.3084460494910802,-0.3075005639956741,1.0134685010544895,0.025077068474032658,0.05217139531472351,-0.30856584491527317,0.5,10
192,10,0.000944598330329763,-0.3077786293166325,-0.3068340309863028,1.013678778751809,0.04726135563304763,0.054018246210105356,-0.3089807682909319,0.5,10
193,10,0.0009013051277927932,-0.3061989306547956,-0.3052976255270028,1.0136850459793179,0.06830640600688831,0.05852251169910939,-0.3089931335653491,0.5,10
194,10,0.0008874040817829079,-0.30548067044194277,-0.30459326636015993,1.013668063192552,0.0884114758236395,0.05852953082890986,-0.3089596262563573,0.5,10
195,10,0.0009469564276616897,-0.3049868660079097,-0.30403990958024796,1.013800050351387,0.10737167899720432,0.05705479518923169,-0.309220024253524,0.5,10
196,10,0.0008079729073016496,-0.3033509457316188,-0.30254297282431714,1.013762801095614,0.12561772694750908,0.06515191333875091,-0.30914653848068924,0.5,10
197,10,0.0007906197538255046,-0.30307147205478124,-0.30228085230095575,1.0138353016538273,0.1432445353410652,0.06532330516406099,-0.3092895659537292,0.5,10
198,10,0.0008330902154934821,-0.30200954736466146,-0.30117645714916796,1.0138889171042607,0.16019543345640563,0.06319223495392673,-0.30939533073170034,0.5,10
199,10,0.0009507710894346765,-0.30139751604224224,-0.3004467449528076,1.0137401730533437,0.17647292257577596,0.06216331078787908,-0.30910189629261914,0.5,10
200,10,0.0008299486407673058,-0.30052801340694113,-0.29969806476617383,1.0136909199391886,0.0,0.06525584693773762,-0.3090047228511442,0.5,10
201,10,0.000992235448821979,-0.3087623409713566,-0.3077701055225346,1.0136410298879426,0.023876967127453012,0.05134917672172732,-0.30890628795742026,0.5,10
202,10,0.0009420841091050806,-0.3078117411869631,-0.306869657077858,1.0137173177204226,0.046156836206105424,0.0536948637892875,-0.3090568046780699,0.5,10
203,10,0.0009321282663686299,-0.30667238841062355,-0.3057402601442549,1.0137593555459499,0.06719458592470119,0.05530523092374736,-0.3091397409230833,0.5,10
204,10,0.0007699750822465455,-0.3048187345620445,-0.304048759479798,1.0136208741627706,0.08756186954052535,0.06315733774079901,-0.3088665186012606,0.5,10
205,10,0.000757096120047981,-0.30375045221588914,-0.30299335609584116,1.0135518313127727,0.1072512915854301,0.06436094246341457,-0.30873028383480366,0.5,10
206,10,0.0006677165827838334,-0.3031931068778563,-0.3025253902950724,1.0137423911675998,0.12585597696357814,0.06922905480317655,-0.30910627238797006,0.5,10
207,10,0.0006466811377689128,-0.30226507825475557,-0.3016183971169867,1.0139169328148185,0.14335966909865128,0.07007249589158177,-0.30945059383405404,0.5,10
208,10,0.0006063536644093479,-0.30145772985428887,-0.30085137618987945,1.0139312485857572,0.16012590626535514,0.0710617081637892,-0.3094788321826056,0.5,10
209,10,0.0006518884432128411,-0.30013750857259813,-0.2994856201293853,1.0137927458432547,0.17651485863003402,0.06973716018514886,-0.3092056140462155,0.5,10
210,10,0.0006703741996527116,-0.29964326291593224,-0.29897288871627953,1.013704130161812,2.220446049250313e-16,0.0712590827179427,-0.30903078629175984,0.5,10
211,10,0.0008288813545129503,-0.3082261133455934,-0.30739723199108043,1.0137035373721763,0.02565912232892474,0.06473213344165342,-0.30902961673983387,0.5,10
212,10,0.0006642904177867098,-0.3064338617993961,-0.30576957138160943,1.0136780341361435,0.04870939507771728,0.0821464400182986,-0.3089792991550388,0.5,10
213,10,0.0007852521236923345,-0.30620582428874754,-0.3054205721650552,1.0137730827079754,0.06918151557533436,0.06260485289698095,-0.30916682243707855,0.5,10
214,10,0.0009497630240927022,-0.3059283678644483,-0.3049786048403556,1.013848217568161,0.08827575413053679,0.0559691719333925,-0.3093150451060939,0.5,10
215,10,0.0009447422582441809,-0.3052499435072168,-0.3043052012489726,1.0138865604435665,0.106336460502635,0.05744027210644408,-0.3093906819710843,0.5,10
216,10,0.0009703613012911742,-0.3050053631190001,-0.3040350018177089,1.0140174553835943,0.12355462596624778,0.056651777161727083,-0.30964886961544635,0.5,10
217,10,0.0008562676763095304,-0.30341026113869257,-0.30255399346238304,1.013989275103608,0.14028696387889403,0.06278865325849416,-0.3095932873936232,0.5,10
218,10,0.0008377888154643198,-0.3019840896122535,-0.3011463007967891,1.0137448580995443,0.15686989538329382,0.06333189649774004,-0.30911113936199475,0.5,10
219,10,0.0006878399992126235,-0.30043201983218104,-0.2997441798329684,1.013556752860752,0.17325345922139457,0.0684082378833202,-0.3087399952987432,0.5,10
220,10,0.0006132352478076106,-0.29962587303074034,-0.2990126377829328,1.0135474209599131,2.220446049250313e-16,0.07312155049386866,-0.308721581048584,0.5,10
221,10,0.0005460686386183604,-0.30735480798786813,-0.30680873934924974,1.0135956336053311,0.02677528383786152,0.08401994723461156,-0.30881671522338916,0.5,10
222,10,0.0008905255600418787,-0.30726331412955304,-0.3063727885695112,1.0136381696918857,0.049193327891547955,0.055059487407475,-0.3089006445392712,0.5,10
223,10,0.0008999749507899217,-0.3064380126410885,-0.30553803769029864,1.013660618493506,0.06953322622572933,0.05609048752919005,-0.30894493756948843,0.5,10
224,10,0.0007877114334812834,-0.3044957678274624,-0.3037080563939811,1.0135479855368268,0.08931521921714283,0.06444255673422607,-0.30872269510944533,0.5,10
225,10,0.0008769909765466578,-0.30390105586768706,-0.3030240648911405,1.013453291473431,0.10827237872356221,0.059518486488449006,-0.30853582978372796,0.5,10
226,10,0.0007374321331907755,-0.30240763956537947,-0.30167020743218875,1.013409476791827,0.12652671429169465,0.06509973366352552,-0.30844936180514154,0.5,10
227,10,0.000770225157887333,-0.3021061827317687,-0.3013359575738814,1.013477859026094,0.1440899101283141,0.0642116438329791,-0.30858431204748515,0.5,10
228,10,0.0006802763365351533,-0.30109864355722127,-0.30041836722068616,1.0135914749366974,0.16089310300337598,0.0691800878524074,-0.3088085094319924,0.5,10
229,10,0.0008599254665524247,-0.30094107287024396,-0.30008114740369146,1.0136252251258757,0.17697701928671852,0.06417019036099532,-0.30887510357396136,0.5,10
230,10,0.0006877881231448769,-0.2995219042939706,-0.2988341161708257,1.0135848463511774,0.0,0.07229780267279327,-0.3087954299865582,0.5,10
231,10,0.0007805909210806412,-0.3075862083906079,-0.3068056174695273,1.013511525042424,0.02492898026766828,0.05816482655377348,-0.3086507475534583,0.5,10
232,10,0.0008902607171373553,-0.3069325929759582,-0.3060423322588209,1.0133783161701668,0.04839145708412098,0.055309283573604484,-0.3083878642536549,0.5,10
233,10,0.0008076741297896642,-0.30527761337190784,-0.3044699392421181,1.013372996056156,0.07003518612620398,0.06199604184213258,-0.30837736446716635,0.5,10
234,10,0.0008310290490739369,-0.30390328797383026,-0.30307225892475637,1.0132419244307154,0.09074272849863017,0.06110258345944628,-0.30811866386391246,0.5,10
235,10,0.0005272718040266246,-0.30168669862327113,-0.3011594268192445,1.0130917546573521,0.11101793390762661,0.07265438469861688,-0.30782222744736776,0.5,10
236,10,0.0006081839137411637,-0.3010012472173283,-0.3003930633035871,1.0130924501950576,0.13054389752615103,0.07040384661196906,-0.30782360054603036,0.5,10
237,10,0.00053037809333545,-0.29989306480158684,-0.29936268670825145,1.013154672686057,0.14905453067430763,0.07399774439936481,-0.3079464335219619,0.5,10
238,10,0.0004874779024452221,-0.2994387363014097,-0.29895125839896447,1.0132721747421631,0.16686753017438818,0.074956993089406,-0.30817837292088374,0.5,10
239,10,0.000484970537266752,-0.2987018763763001,-0.29821690583903326,1.0134214032389222,0.1840113056282773,0.08042383102053882,-0.3084728989383342,0.5,10
240,10,0.0006727465803597298,-0.2989210379250334,-0.2982482913446736,1.0135519629220016,0.0,0.07111335113174334,-0.30873054353384716,0.5,10
241,10,0.0008956260209762144,-0.30793919261670544,-0.3070435665957293,1.0133584497852797,0.025186059573815592,0.056416755867851824,-0.308348655639648,0.5,10
242,10,0.0007190133394788488,-0.3061285784512411,-0.30540956511176226,1.0134102950002493,0.04905988724345043,0.0871296480758624,-0.3084509765681985,0.5,10
243,10,0.0007829010362196545,-0.305487723251516,-0.30470482221529643,1.013524796674416,0.07018359656300677,0.06805273336923717,-0.3086769367871695,0.5,10
244,10,0.0008500235515069935,-0.3046935610750576,-0.30384353752355064,1.0135561850189683,0.08971674638020473,0.06363214631000985,-0.30873887480511364,0.5,10
245,10,0.000743514253687167,-0.303031320966537,-0.3022878067128498,1.0134770050970776,0.10857146811814326,0.06940965029778844,-0.30858262690090166,0.5,10
246,10,0.0007904681312179095,-0.30267150610164784,-0.30188103797042987,1.0134507004930118,0.12700927236528817,0.06358571629751608,-0.3085307166053451,0.5,10
247,10,0.0007110587469942438,-0.3015948506756405,-0.3008837919286462,1.01350739185199,0.14488883490731172,0.06922784848027208,-0.30864259135836947,0.5,10
248,10,0.0005498143626410487,-0.2998973659820981,-0.29934755161945703,1.013445615618929,0.16225886604164058,0.08120133945919386,-0.30852068180673753,0.5,10
249,10,0.0004939291686048843,-0.29845414737749704,-0.2979602182088922,1.0133046029830266,0.1790758593261937,0.0812292027263257,-0.308242378866719,0.5,10
250,10,0.0004809931683989609,-0.29717614405439663,-0.2966951508859976,1.0130972797022615,2.220446049250313e-16,0.0873639393321867,-0.3078331347118251,0.5,10
251,10,0.000745372858962894,-0.3061748295876253,-0.3054294567286624,1.012782764556751,0.027608509992017805,0.07718670601931114,-0.30721214009977293,0.5,10
252,10,0.0006992231768152001,-0.3050151426222728,-0.3043159194454576,1.01286391524187,0.051605730252520264,0.07031929613823694,-0.30737238657507676,0.5,10
253,10,0.0008093015357217266,-0.3041977073774856,-0.30338840584176385,1.0129386307896115,0.07363553872780285,0.06336731578976729,-0.3075199143742136,0.5,10
254,10,0.0007635654769643242,-0.30276264389918695,-0.3019990784222226,1.0129094911246768,0.0942167867284881,0.06706607397785042,-0.30746237863968046,0.5,10
255,10,0.0008444939622966159,-0.30280377956223764,-0.30195928559994106,1.0130461933456594,0.11368365693766798,0.06236780050134264,-0.3077322803403702,0.5,10
